bQoJPL57I5+pzfOehInCkXH6/5p989rz67uDvf66SY00ovWcFYmKeB8bUZ4iJ3dtB9ErnciomtokhqozX8PDFLIldsC7Y37JP1MqQVIWeX75g7m1ke/HyFvB5KRPXcWyHuGVgz5vWX46pWwzJGnrAdriJEvXYYouOw27Gkwt7ekqP7iTyydQL+q9uqnN
Jo/U7gPh0D9U3GYiasokv1p5Fz12WgZpbif5Yiwx3HUBntVYAtZXRWgirXmW2prIjc5c+q1VcRR30mvjPJDRBxxhjcegwdiCy9ab59Pl2ysFAKkVzoRlSbe6HOWfk9SLu1YI8SZzbj1ZqTgGzttd5QimSZkRuub5HyHo+/LDoUMyB9ipsKnH
NV6BwN9vhSO+LRGL6334UYKyv/vqWHBJFt2Yh4RQRSQAQN7K/FbMDSBDbl8S8p2DzLmX14xsKEOLjuxChffnUUKUROtcytSA7lY7HXzSmREPf2TgmZ7oAgEVHSyDAv+LgHDNL2jRGR+MwfRaX2bvz88FZ0OR0F0tosTJsQPqCM1jM0jjj6YcqUrzguVN2QzuUnshzRx2/eG9egrBa3F8E06jvWvGt0zxnKnr
SplWFlfsV77T7XK2yOgcr40+I+tYXgbzYW/XnApbtjArHV4u8w5GBG4geuc4ZIWmypI+mBk9mN4RAUWm9ZmBn8yeiviNop2krYiUMrdnNNL3cnbPP357O31GUgPjP1NJE2yVe0yfgwKDZdIyG5gqcWe6jVtBMwtule/jM1tJqcA=
yOe/w0ZFSKzZjsE18hImCiwjOaDQXSxEL2grbhvU2Qk5DybTWTaL4WIvNryzue6SO9On6JYkavsQUMXqkvZO5JGpOHKpxZV6HW2Bk9S6usTF9v3I1QwErh/T9B4vloYzN2pbF0UCAl+LS9PFi8glx4RLY+57YcIuM6xqPT/e/SfJp6vCLSsz77O9qcw=
nhXvQP7EphB3Ky0ALtytNSwjOaDQXSxEL2grbhvU2Qk5Hi7dXzmKs2IvNryzue6SO9Kn6JYkavsQUMXqkvZO5JGpOHKpxZV6HW2Bk9S6usTF9v3I1QwErh/T9B4vloYzN2pbF0UCAl+LS9PFi8glx4RLY+57YcIuM6xqPT/e/SfJp6vCLSsz77O9qcw=
N2oleQWmwtvoEPzuSWUN4kla+JPq0QVekbo2aS5gehbmEaheLiFbHgxIy7GdlWtt+c78WkMjMZP5auwoGtZPtaCC1ek8H3P4la4UKlXVyUQ/8nMTFNC5l6SBRfe4wcCyAzYjd7ul89sdIOFFdgSdmf/aBNV3U3wbw/bAAT5zdk0RCcCWZps11RBGgclpOl4p1wHwi9oDSdOKZ5CZqKnf
V2rYa+hyi6WYDyoGStdMznZ8EeSJQSxEJ2o9fE/Z0BdrDyCaDXjes2IvNryzue6SO9Cn6JYkavsQUMXqkvZO5JGpOHKpxZV6HW2Bk9S6usTF9v3I1QwErh/T9B4vloYzN2pbF0UCAl+LS9PFi8glx4RLY+57YcIuM6xqPT/e/SfJp6vCLSsz77O9qcw=
LUHvb6g5NfRnwQYftapDBig7ULjcFyxELHUtex3Qw1l1DyXISDPes2IvNryzue6SO9en6JYkavsQUMXqkvZO5JGpOHKpxZV6HW2Bk9S6usTF9v3I1QwErh/T9B4vloYzN2pbF0UCAl+LS9PFi8glx4RLY+57YcIuM6xqPT/e/SfJp6vCLSsz77O9qcw=
9BG1ki0xcqp0mbKeLhadE1M5LVAtcdntqbUJHph3ERPXX0/yaoTMFpmZpprjJd2v9ZQjdvImQ7WfiNlqxX9S4F+bktkDWy5BVh5FbhV7XZW1t6u4B4kgZIuVGQKyufHjmtf17sYt6LOg4ZeRdlqAqzO5Jp5nRf9aCOUxGcbnnLOvXzw/1rW+qck=
JQPjkHYdeIpvHWxPlvLPMWCOwf7EWghXTR1xivt3vve7TDEyls0mbfZ6f0M2XI+H157KjsIl9LJlTD5sNooFG6jkVU8dxJnvARVYACJKMWRNfklmbDC7cRT4w0w+nWMYC0H5yMqhT4mTg8eyfYmwmZMYp0vqcFfOShsTxAXJ3ZW71FEhO9G3v6nK
2q8UQOIY/PiI6+Fv1tOMZzlbEW+h2Umn1cYwrqoIWdCGVtPN9LLBAfC+/5AhfuAyaZW13IsihzsYsPU/MHGRz6TB3IrXxrff98X/8+nwVd0KRKGBCwqwvfvzsPPXxpR5ovPqtcU51P4qO7k9pBb10VX6orFjUYSj1uOFex4XxKG0qcM=
sICmtOkFN8FlAe8ICpVL7/Sxexo2+Z7d5NrS3CAj00NkkWSrlTpQwI5W290cUjnRLn5HIHkeiELhFT1sI4Jfy+BwLe8IUbnfrMHUmv/mjw8vBQcDMVD9bYLEKfFjaugNQzNoIy8mfGmq8+KlrVmsrnJ7AY189h0h3XoqAcvx3NOuo90rJjfssbypyw==
cdLp4ntzgzFd6ixeAQibBZcwLqm8vUKJhEQ9EogI5Y81ZyzPHxj6tlsr3J/0myg5tKlpuPH0s55CmgWBoBRAWqszqTQ2rJtcUuqZrf0ObJVihlijqSTFs+puZLVr19dk70r7Kgovy0PK/64AloudJFQYG5ZiI0aI0rEkfKBbNsRJ5xqNpVTaG2Xnr8lvp+zncEV4eLLW52XYYp3ZoF6KaF2OjNo9VeF0p5K7gywQIWfsIX2nUMEo4juWa4cjZctL1UB5dV6E9Wln+sxFjxPkK4sWuNGWc94d6WkIpv5bTUVYZhm5gbp2GU/huBviQ9GjQseoScCptw==
DC+qKoGcQF7iRwxYdrFaHe35EqfIhf/njUmOhbOAhQ0T3dK13Ok+fD3tyxJndk+rAfVhO9qztigbVT5WY6eG3Z4oWt9oDAU+elreYAkV2IZhieUeJXGBh/zW6oAdCl18XYC0CucPtEpHupY3L1Y7Yw3O8rsz11NRIyT1A9w3Q9pzbfIKS/Cq6ddybaNRG0s25WdDi4uhqdg=
ZbZ7G6efMB204W/TWpn8UznGeL3FBSKz0In/44VVnnGL7KUp++Gi4QQlfjh1MRumH9qvT6mJ0a9CPzask8muIttLJnn2lKoLMEDF+rIGjlTxObjiSXXVCj19gYP0yvp0JWZ9WLW8xF4/w/QOD2ZGg1f624elskIvq1vT1au4ZXdk2+N+G9EC3hO8ai0fLj2XqTcrUs2bc5+Tranc
mafe2MLKp4OEmDg4+R7GYpaDssY6T56+Nl4Of2IH1hrsDWMtUEFqLnSasu6JB4LvC4lFN6YD8m1K7FiWDXFqyp895E4gLH8Gfo63davg1VoZh4ZAKwMuCc9zOkFCNom+qeMpNWFPd4gL4RSkfz2Vcu4BJQOuz4m+CsV8MzSJ20GKQrTLZwH6buvtixo8DT0pmp/IE1vHgG+anaqp3Q==
MBawelqtWVp75yuqcChArZVgCDhCoNEbOrncj//hgVuWa5f6tdvPn5oLKENeGpEfc5zj7N8dfVeJ5Y75du7XB2Z4h532y4IqUqFc5iUYFmgmrk1PCHDd602AsfsBAXBEcu658O0qAUJ8NJMlVKxryK45K0wrVfHsmuXnHRMXb/YtrbiNs0zv73r0/5oKTzvAFe2VwRtA2YVrlZ+rqd4=
gAR3Ge8qeRzZYUDrm9agbmBmCfWJSCxEL2grbhvU2Qk5DybTWTaLwWIvNryzue6SO9ql6ZYkavsQUMXqkvZO5JGpOHKpxZV6HW2Bk9S6usTF9v3I1QwErh/T9B4vloYzN2pbF0UCAl+LS9PFi8glx4RLY+57YcIuM6xqPT/e/SfJp6vCLSsz77O9qcw=
GU7Lk7s51CjYUNsQS4qMD2zZjKCWMEZVQRpwlt53qf3vD3Rm06kmbfZ6f0M2XI+A0ZDKjsIl9LJlTD5sNooFG6jkVU8dxJnvARVYACJKMWRNfklmbDC7cRT4w0w+nWMYC0H5yMqhT4mTg8eyfYmwmZMYp0vqcFfOShsTxAXJ3ZW71FEhO9G3v6nK
vcI2vzFYlvcO2+q+Bdrpra9z/8nLIY32RinOmXaOl6fmmEe38aTCitJBnMYlOFYIpg6NrwhQnYvNIHEbAeGw5PKO+dDtysHi/FTTBVSMqygumWssK3UxDBpFp30Tdy9WrU14rbMsr0/6FD+6Cm97oJVNVSEbYJnl6zVfS6k+
B+uxK0laP1sk/zkM8d1czeQVMSDMbxOixix4li0xCko//Q9JD2zfhh7Ol3VLIHXaecfmQAvDzolvM1pBInYpPkkjCTUBDxcIqyH0pF999fJOQQUDTg8pPmqFXDMUSTvBKgLUy0fBWu4LLasaXE2dqXpfKBN7h+DvOl1KqT0=
BtmyuS2nCA3jhi1L6Lg4mq1z/9jJN4n2RinOmXaOl6fmmEex8aTCitJBnMYlOFYIpg6NrwhQnYvNIHEbAeGw5PKO+dDtysHi/FTTBVSMqygumWssK3UxDBpFp30Tdy9WrU14rbMsr0/6FD+6Cm97oJVNVSEbYJnl6zVfS6k+
bMduBQkAc7yH4+UUoGnseuQVNzbQchOixix4li0xCko//QlJD2zfhh7Ol3VLIHXaecfmQAvDzolvM1pBInYpPkkjCTUBDxcIqyH0pF999fJOQQUDTg8pPmqFXDMUSTvBKgLUy0fBWu4LLasaXE2dqXpfKBN7h+DvOl1KqT0=
dQdYo8v1UUlhSk+cfuopfuQVNiDCdxOixix4li0xCko//QpJD2zfhh7Ol3VLIHXaecfmQAvDzolvM1pBInYpPkkjCTUBDxcIqyH0pF999fJOQQUDTg8pPmqFXDMUSTvBKgLUy0fBWu4LLasaXE2dqXpfKBN7h+DvOl1KqT0=
15HPI3WNj4jrBUek/KV4KxkJ/pai3AFF1aA9Uz1pLgzqDepKfRIEQFQrsJXf2Wtt8sz4Xg05YcOYPpwoGtZPtaCC1ek4H22glb1ZdEv93Hk/8nMTFNC5l6SBRfe4wcCyAzYjd7ul89sdIOFFdgSdmf/aBNV3U3wbw/bAAT5zdk0RCcCWZps11RBGgclpOl4p1wHwi9oDSdOKZ5CZqKnf
ntPPsNFq7SDHmhQvPWgGZOrxAf+5QLoeKz/PFz/rxfFWqxJmIjVnmVNQiNh0/0t2EnR2Ps6KZKa8qrzHAeZ4rbDjvqEGp4wbfvvDACunyxVJn6tizCGJYGSmAX4xXWrMrGFkzjWmQcrK2EFZp7nzZvr+jUB6NhqNeiNKkM2ICV28MV3+DbQ0tjuZT+WePGRmyVllmyQu8OA+Vmv9TJJpMTv8KZgJzbX8bz24cZNCb2vQ8D1P2BFpv1zBJPovpl+vP4U3owGQTU0SxLkRE6qY7TOzeMN/5ixJGvNShX0ZfM5i+/HtjLbtQU16uiF7sexzniPNi3b3vFHMqbs=
4SCCZF9k9FreJ98r8D9h/xkJ/pai3AFF1aA9Uz1pLgzqDepKfRIEQFQrsJXf2Wtt8sz4Xg05YcOYPpwoGtZPtaCC1ek4H22glb1ZdEv93Hk/8nMTFNC5l6SBRfe4wcCyAzYjd7ul89sdIOFFdgSdmf/aBNV3U3wbw/bAAT5zdk0RCcCWZps11RBGgclpPF4p1wHwi9oDSdOKZ5CZqKnf
JGKNFwgcgKctqG65vJdaWF/KwQVHU/setdDR8yIX1fnSUu58UlcIN8dMBa38QDDEoMXwwPoDAKJicW+xlVHjKejUhuT/AvQ79sRaE8WnTCGhs2BjiGeUbNXBHShHCj0ZuSuknjaPDd1dYCK2p1I1aPxzdjLG97KZD/ujzR5IFILXBYnSaJAgx0TKadh7C5Df3GDx+v1JSpOCXzbMU+kuwpviJMZu9DlmLr7tD88mDjQxmbhCCZVVKv0dgeM06nqUZcZ9+HXcRH5/I/TuT0bG45da2yflUsIPazvTtWuY5Zcke+Pe27GC/lNcbM1fDr33aZcr8o17879Tzam8
et8321cykVjp3TOgPiyOlZRSde7NhJTq5cHV0aGdm0utix6o1OYTdGb4jEgK1l9VkMKFScac7JglbsQKJdX5pO+yA7OEUAn39EG116jB0JLz9nMXCyVje21gMaVGBO25Lxq0tefTjLuTtvDhLnNmLSHJEDYWG6U1oAbR6ZkybkmHwQArSoP5M1on4Lm4qc8=
ML9e89wUme1cRfSGkWYBPROvNB/H9nEMYTQqGOYO+AAofv17YztcQJvb7KK5mhKk/QrBWSSuE6CeVss9LBJJcZ792IApXthiERUNDHPCjytw8F2PuJFJ/7zBxLoPJj9vX4WX4+EQrQ2yxNnRMyq4rdOz2INfZkyJuvPyxZ2ZXA7C+5EtrDbNAa1yGuEbMYyzPiMty5Z3nJGsqds=
eFbzORhhqJ/MhjAXwcz2cFA/hsxtcXzVZ+wELq8m/ij5dT8IMkEWd8W9sk7wzlX39K25JgZUt+xXu1mNX275LdMrcwJmz8zwrptH82ia6OMeEZzE6hNV15FcEKHckPFHfOFtB4DB+EIrVvun8+U7a2WACdXuhAUJVzq8pb+TNEsb1qgxxnMOffkpmEau230lqCYpWfG6w7m+oQg7ksOBg9KHuOmQqec=
GNEJVFz4OP6hVDRI8j5e9yBQz2tr09hnhNT/8NrspTQCa/vrCYsYGstGObuCedl5iOHJycjvEms6JHsWmrb7NWcYccqdDxqgl0tqOStrNkFOLm2O7auV1f3H8xivGdjkMwVxYuoJOSNSB83Orl3ws7gRf7FOCsjrewn+fo/VR9p1dZi5HhdUc+cPRF/+haap0Q==
wXOC/7ZYHm20Z30/91hadpn2Kg1W7WlcFDFGCERNJTInykldUrwQCG95o+QZ9//w1Tv2J3M9InoSkbz2JQh2WOZ+7T+IwD07DfCR6wERUDQyPllAbVqhkrwE8zVUvIv47mmLvKvlkbxaFccNEwdPBu392D0zvE+/OsQfigpaW/HVPTWxm/A5VSvlv7upzg==
gNZlLSw2r5eu2AFk0NoEShHwceNAc3KpuDEXxJ2rN7XGfkhz0iuOF6vpTj6fdbfZxRWIee43BPPX79QfjiV2qQE=
0FSYWQH2/2WLokyUTp2r8+X9Hq/Nsaz9g3TBlanJ5g9A5+6b7fwtbj6ojQ1xNQWrCeFqGLfq5g4veCQvZfjcg8IoQ84lEUM6eRzQewsV2IZhieUeJXGBh/zW6oAdCl18XYC0CucPtEpHupY3L1Y7Yw3O8rsz11NRIyT1A9w3Q9pzbfIKS/Cp7NdzbaNRG0s25WdDi4uhqdg=
9XhIRMJXn35SDWb2DMCKa+nX12u6PRI/nF9QL63dmqereXqjWzkW7kys5YNdlk+0GBfIB0NoQ0YWuH/ZYBO1eTrG4FI+R9DBtPnlBXaxJncySzK9M5SB0CVOBBOXRRisj5fcB/Zfo9jnknsDbBBh5ywhPSeQwehie5arB2Nli8sVQDn1HoQ16Sf6DMVPE6SrSxZ4UdZzHp2paUgmPlsNxRhm2TnBubOZjuH4myJDESMCx2jJgKn3
yyK5kT1zLSU/GIGep03mScGj6FnVVlX5VLlm/u4eHyOeZNHl00WGv2IJXs1l2qgdXGrbW2e3pkMqzM28woL9ZyzYFhrv2O06i0y4nNCMhxSiKqLdfkmKuAViSwzU+kCVdtIzK5kZYT1KSbU7+/NYVscHkofDcCDHq8hexN39WRNIPq1w31ipgvdlBKRTIMUF7hbJG4BMsvRNC9Q3262pcUCv13Z/CJM4/WJOLeFqzb1mZGvHvBHKIAYmXffICE3jLUiBYwGZQIwS5imILZIRylx8Yz3UtBsAjrE79GutYeR6rdeFE49fvs2lKHXz9P9nWjyPgolSy4k1ZYV52zhJjQtdrzOpRg==
yyK5kT1zLSU/GIGep03mScGj6FnVVlX5VLlm/u4eHyOeZNHl00WGv2IJXs1l2qgdXGrbW2e3pkMqzM28woL9ZyzYFhrv2O06i0y4nNCMhxSiKqLdfkmKuAViSwzU+kCVdtIzK5kZYT1KSbU7+/NYVscHkofDcCDHq8hexN39WRNIPq1w31ipgvdlBKRTIMUF7hbJG4BMsvRNC9Q3262pcUCv13Z/CJM4/WJOLeFqzb1mZGvHvBHKIAYmXffICE3jLUiBYwGZQIwS5imILZIRylx8Yz3UtBsAjrE79GutYeR6rdeFE49fvs2lKHXz9P9nWjyPgolSy4k1ZYV52zhJjQtdrzOpRg==
D3NiaM3heZ42l5kUFQuN1Sld1vo8sT8wEDoMD3CO6dQUHX2Wli7e34zSDVJ/wTfc/9gnC+ow1w5JXpMFBQld1bsU0eE7kTd/qQo=
oADBHNuyQfU6FlKAeYmfRc7RUkHLkaU+ij8oliEVVX1vSIfbqgD3PkluszXFWf1FO4Qxsfvh1w+peg==
RCgNkFH1VDnmU/X7R6yYW49d8kREad3BNHTEIZs7jcWYZlk5QbkzmQ7heJuiQ5EjgsfoyQCpdw==
7u05QE5S7zsAQ69wH9tCEc7RUkHLkaU+ij8oliEVVX1vSIfbqgD3PkhuszXFWf1FO4Qxsfvh1w+peg==
38tlIO9xIWtmynIkRY81+49d8kREad3BNHTEIZs7jcWYZlk5QbgzmQ7heJuiQ5EjgsfoyQCpdw==
bnhA6Z2BkldKR6VgrNysZJyzTw1KpHa8NZdfPKyFLM6+mdZMJwQ87vO+ipIeRCnpyy1xpKqO52G9GRFlQwDo1E201QNUR4eDlRVfhusp4ibjROjQ79fdb1nP66o9Y5NnY1WpJA==
7UffY3TlshuvqcF+BrFWJzHe5PvT8cM9bd3TNrhiRmGEUl4WDWXH+KO1gUJbRB/lHPVaIXV43ZNcSzZJPGnr1LFjUzUiNmRjrvMKd2/RUs4z/VOY4R3kyXJPwNPTN2iPYm1SqSU=
El+r790m859HxhO+9xzUZyy9lQathGIWMZ3jiGd9LSL3zJt1uC0GYamguYNYQ1pp0KGvZFXbL7XejgDTartmV4PZVt7XpQ9YPUVAWfbHbDN/fyx/RhVuqRk=
a+uMGWD+8V+WBO4QyUB5gMkSiGRQhmA3s5FmFjWV/5iLRUkCE5S3hYRlwqHt6EUzNJv+CXRZA/TJU6s1WgacQ8bDwrcngbpuq23LGHmNfCnaHwgTm0dAb1odaqkd
Q6O88fr1JHOpWVWrysVpmOAhp0FhtEEthJFmFjWV/5iLRUkCE5S3hYRlwqHt6EUzNJv+CXRZA/TJU6s1WgacQ8bDwrcngbpuq23LGHmNfCnaHwgTm0dAb1odaqkd
ZczxOfKbilaO62nnNzFLnvrAoBn2jzM/4JazGXkAHcm/smU4IR0iiWTBSwTja+I3iLmCFVUsDx/t9RxKWpuQjzSHUa1sNo2B7X9fYVoxzDN+I21LVndcEWypGw==
wdpwv8OTaGK7VUdb5/tvIlA/hsxtcXzVZ+wELq8m/ij5dT8IMkEWd8W9sk7wzlX39K25JgZUt+xXu1mNX275LdMrcwJmz8zwrptH82ia6OMeEZzE6hNV15FcEKHckPFHfOFtB4DB+EIrVvun8+U7a2WACdXuhAUJVzq8pb+TNEsb1qgxxnMOffkpmEau230lqCYpWfG/w7m+oQg7ksOBg9KHuOmQqec=
Hc5MCbXf84gycK6wPXtcsfH6BKzMMfZGrVLWdrOb2KS7zwEujMZpt0CdMCCohe1ZlEyR/TvSgs5f+2vAiR/MvNhN3PBhDSr0+K4p45PWgi4xDzjugnOl2AkOzGnD3nfxrpij+sbd5a64nN4iM8dAAs2fDVrc7w3yZYyeLDbKhduopNUPHQQZrwFV2MAiCrEkTb7JJmxwO7EUuEOMPl3jWAuBeQjK4c9Jk0NH8n1JMFmTWCeL6rDXjkjak4MFiV1Vu5TRYTsRN/+pig==
/fDpc9xNwLXD7NKRXECOc4Y7p7Vw5eahyBrM938UaTViIAfaNL5lFEcrPeVSvWzAoCe0Z2vXf5zLTFrVBMU65hkOfaTyN5js3x+Y7x3g10+ArW31mGbNEG6i5UVy+F14Bf+ev8H4D+l8lmv23GehORWqpB+5/WDGW32PwsKXZ1gXaP9/8FoD9UxD/0hgrys1t5hBCg3vaiDHa9p5OwvGQb5Ofc5di8VVjSdj2J+5COTjZYEieikJowLnvQ6+/UCzCLFv8b5qGGtLKW6+/zUX2CHVrvmOd6TzNy/0n+5l1qmh
60S4OT7ou+lyxmp9uiTRl3NzLEKVT8L9AEkXUYynvnYwZuiBYFFzdzchB+hNrbnlBiHQWbPKoxVD9KWJygcj0f68crUc1TLmER5lRNpHoCwHT/BP5VBfzwhd1ZUwthVQFpINZWroVXgN74afKch3qaRGw5Zklym5nRpcv9GtuAZjDaci2odvWB945x/Yqju1FJMX6Bgfo7U/6Pnqpb8y4D9bslkjG85Btl5l7jW7PZXVd8s4J8mAZGvV+YKS+VHjOheVbqbtSLMAoXcRlhogq5N5Bh4HhZ9YqSUWmSanfLNPHxy/9nXeqak=
3xW/6IQLlrLHcWvDBkrTtrPjTesoO5AJtsMPUucaSfsLrM3yIvbCBTAE6Vfjhp6TmGivvHdyigPtj62Iys1/dZJeTDIKJqgCm1JGSAwGpktj4YdIaLLfXzX/pW5IlGbFaI2eZr3GkbTObxyMmyeEH/Focw/kpUFFBJ4JMGr6mdXeMLl44TcyL72gC8m4bvdG8G/FebEiSO+lxSSm3yWz0i5fw9izIJNvzIKHFYh74zgMJ4/1U5BtupGXLgDDsybpl0OiQdoG0V6hU8F1yV//aLOx7CRH7e1SZhHNQ4Y/gR7SteQzrHmD4YIynAsPEXJOE72zmEXdgkkSj2DTM3eID0KtMqlF
CUgUZ2cWl4vcnpBm7FG+klR4+b9bYkQ7442rB4NK7JTym786pHGOEEnQC7Bx9Pf8FTPKx0XVjsjxTmfi2WRE8dcq/nqCwK0P02CWh1F9rVUb5qW8q7Xb90socC7Av31qPQcNxTO/GU4iteKD9VxjMKG43PgCorz1b2hUYcDyQGMrbmw4kwyA7+CfwmfxkwfLRqoIKMiNfQHUFIF1G5oy9t/D2wipl9xkGJVM+IHF2gz4Vtkrc94S9vHXKGaiuxXgiTZ8IeNWZ6nuwDPyppWV1rjkrmpTz9Bajccd0vynvcrltC7kFkKVA2h8RQf9zOlXAa0oCMICIfyNZtmuTLiLiZSA88Qe1fMAS9npAKqpvzGTOze6HUGgAdMANwPK+Ge2yOIjSyUBTY17TEFp29nHB6ly
7pTCIJ8aoQr+W0BTabGFd+VPeRDcJcorREK0FZrszdIH1aoqmh32w/cfIfPOIbThsDMOLAKYnuGZSK16/SJeEKxuu90IiBZ7YzcG68yooNiqK9QGNyzuOe9UpKKiqxeRzeFOXLFBiRTi6e4u+yJVz8EwLRoc9xdgTv8iuvPK0DOTAhtI6H0mkbCmE1rfjMCzUvw1+2onnzT97yq5L33qAqdAZOZXbVBsl3jPa7yXc7wFuRbyGX6ecwuZP34m10sZitaR+b3qYMNtGJ083ddCXsllpqcNgGJ7gRWdDAMCf4sAcE0v6NGZHwzBdFrfZm/PTwXnQxHQ3S0ixEmxg+qIzeMzyOMPppypyvMC5c3ZjO7Se6HNnHZ94T14i8HscfwTzqM9a0a3zPEcqWs=
UmPS1MPMNvRt3ZiKTt2o6x6JOd++svWBZXKn/i7MudWQuwxfxfVUCq5sC6J5wz325x/d3rjRx7CapZdXsBqzuVHFEEQggoY7JFUN6yMmsYUJ/LfxqcQvEiZsBix8sAVmkXPfDUshJACqezXAe2/izrItnJXAvpn2yHlp9MP699EHxG8B+mFAh772QEOSLRKS2PfNLbQChgOZEqpMvo15DaN5BpwkMtDjiUMkch3/syR2JP/V1/LRWYjGiBPwUkmbPn74IDVxq3CmdEFxdKzKRRHy6eAwm1vY88s+hs+Yroux5HhSAvDLIaSY/SEB2NSZeZhFIqKe7gxBIXh6eS21Eo2lgVtE0posFf69QAXkpMYPG3TWP/4m2+fiGx+V6iI3G4PTDRugBS9UQyNmq4liRiNk6PQvsV3PGS/ryv3DE4cjdakE
V+HVaqJZfBlNjow98XuYgoWYzzMAqx/MwJRb5EdXiO+v5tSrQdJvR80e/G7zvfcSMcqfQpyGy/o1ItzQgBbY5CoKL7TA2gj9Rnipal7IpjHEwd1SiuIeNuhYPH/kQ7k39VS95sDTeGs54kggQPojNSvUblKkP+ngwwqQpFuZFcoDz+Lz1SCnDuBsypV0pWrmye6NZGIXqGyPf+ivDUBnT3BNfTUoRp2QHsJ1BUJYjXjVX67/UZh/aSy22zbMh1E5pQq0X8mdMEZrXR8CMne3WEcIjz9gejN1nKMPiHAPmzXH+FFKvc+6oDeLSrkLq5ZB7u5NDs1rNdVdB9OYj9l45FPFkeKKydkjMsctTs6dELPYUZ8xLkoo6xtJHv7vlafY0TW+OT5X9HNHT2Tf3sUGqXE=
dM6Yt/Ve3avbZVbYU4K/plR4+b9bYkQ7442rB4NK7JTym6M7vnfOCAXBBrtw+bX7UTnG2U+KjYj+TnDi33sZ7ZQn4HSW3KcQ1meMw1E/slkS9e+m8KjOrUdofm/H8HpqKgMXjjXlBFt4+/ffv1tnLPLwwf9M66H0dmNKYPH5cGQwZmUihBC3//ubwmfxkwfLRqoIKMiNfQHUFIF1G5oy9t/D2wipl9xkGJVM+IHF2gz4Vtkrc94S9vHXKGaiuxXgiTZ8IeNWZ6nuwDPyppWV1rjkrmpTz9Bajccd0vynvcrltC7kFkKVA2h8RQf9zOlXAa0oCMICIfyNZtmuTLiLiZSA88Qe1fMAS9npAKqpvzGTOze6HUGgAdMANwPK+Ge2yOIjSyUBTY17TEFp29nHB6ly
6aYR01XpWLpYQdOPa4r9kESk6aIfAEtc1QOIopn6v2dM1/4IOOQtWc1zn0TA+l9iG7g2rhz9M4TPwCEGG0F5eecnIOxMon6Pz8GOTYdGPAz0IZz2jek3lhdDDYaripDycoloKGHgEp8uSChdsIwBz99yL1VPoerY7zmdaitUhkXIzf5mXQYxNK4v/Iy7Z+SfEahTD4Tl4cWk3mkwSjo5Vb5wmXjBd1KvHWArydguV8ZQL6V5keKob8WFBKY/ZdNSjp8j2NNgM+8sQucVqLsDuGxnr/WzUM06MVfOAOPzhml3g4JB+sYx3gET4XUpn1/oE3EMJGetjdKG0e1D5v9hnnL1hDNMuSNh4nJ8Cy9REs7zfZOYJZ0iybLPANMTtyiPIu0SqWU=
m7Q8DYUmWkDUPAv8S9mvIJUQkHoSx9chorsyB8RlF8ajZiSRLB3RvLHHbvk0j98SflHcQSVWSnlWQPaSWY1W8/4Hlrp1vU5GcEBZdUnIq9clj+lw51cQ7L7AKDK9N0EfqgwxaGscmvM/RfVNn2jr2N3K+IrXxNNkmyMy0vDt/u6kcVZm5FLBBzbi8nakFRRGYddxkMEDwW+7Np2Gxmo0hS6oJqsaAWkfRb9S8JkEPUucIunKF4FDDbLMmpiQnU4B+KbbyjfsOOPKvA3L8sf3xLVvYokH3XJyXwD8tm9N+PzfeIf7FLdL7J357oKB3rZDQxl3jk430ymylgmpRYqIU6UY1ay1NzqOUaWel5XgigtJlVU8K6Lne3iw1f/Q8TGPxMG8yndGVx/XxZ+ziXD1HepEgcFrihD92/NQM3dG9DmC88p1Jbl0vko7mf0ElhURdfjD8cTRZGM246U7fpdkYVSpIw==
iegdnfVC26g73zztpO6xB5ds49M9JZ4fqtdz7KEgU915ObOGyKos9Fl1MKlLj98i8YWc1BF87eN/AY6VWmYLM0Yu5PANHojgGcx6zN344Oox1HxUJn3XJaLyLW8pZ/FcQFB7UBW8CWhoRi98yx4wLpSyYaJKH36aO3pcDBImuagCOUkcQstK7ZtWG53Fs9GDXnCuPTdRhnWYxn19capc5HngciUB/XY2ppm5njO7I5Qr98O71w4eQTG4xxigSQDTxllpcWvdhjD8RuA/4cfEPiXr45j+QL85z8YhxSACqB8IBtlndlr4DG2FGyxOcCG9zDgaeRkWKYyoLyvE24+eCrdMvvd5QPj+2oT7/cwcHW05zIQl8fwFzrqqHpDp5Vh2gXkl7sWBgXccJipw/frdjL1wdPoH/7S6p0pWx8+mu5PtPjJL0ydTocPUNfM8x8Mqk50y+qsAqBg3ha1TsevLxgWXg3trUako
Qv5lMwtMecwQ0rXp2FIcU3H8DubeLw83YQ4HQeolqUfoZdG/aRPbBA7HZq+R6GKZepKahEn8STKZmOQSq9sPc8Bd7qPDl8PIV+4bi4f8xf5Uu8lBQRU/LfVgR6P/bQWw20d5Dkb52VakNOr8+3b8hafTy2AT0vlX31LgcIWlWA/Dw4s1iFAgiMvxyHmvU+o1FQfv5EGZEsplznL7b9kbdgqn9+EOs9UmofoMC4mY+XQxx14GDYUi37FwTnOl1XmEb7KDswRQifd0QTXXKMFQknP28xeLJeN77WCxpcYEbbmvGjS1Z9MMuxO2cOGuc+YtocmQNpYbJTUgBlHpGT/vSQDBgCvKg3kz2idguTipTw==
h3T23veMf+v2yWXAB4xf7mR9TAHEBOIvjzj2nuBxt5IYyJUvCOCN1kX10x5df4RsxmUCmtESyGEmpsP9jPPcZpVqFxgsJlvu8JDN/vxSVdOptXli6zyaGYaYHlNnDWmvJraYt6t0+TFC0F514BU4NhexI8eRzmrshtZUq9KYCpedH1tRFFxXAMPMAlGZN4MWSqE2ZdiRswSrBqUgFpHU1M0Ms/vIi0mh5FPv5k28EbDANfpkwOkHW2wJFwYowE1FcQZxZD9A9YP6vdebJHpeNFuw4RcegxHEd0jdM5j/AI1LcKT3JK2cy/SHe6dwX5IQCuO02qMJbAzhbsWlaW8h7ShiLkcDkNBmWdeo0YyqQwxg9kX7ZUAAZIw6ew1/845wbY2QWdLA6SipGgdAWpCzx4vh6/IL6ynPLTBEeDyjhrqypHbgymiEbV/O9aKFkvghaIvqCM0aKnQmlZgFGkBxs2fbWVL5+GyD0zbiadg1KQG3XCUrcVgGwD8BorrhNfVu7qekVEcnAedGb+khKlESeo3Jg9b6qBJxy8CPn20sTxKAN2oFIEosl2corJwCImnw+AMJ1OE4o7Etkc+3SDGS2nKaLMWudef3dHdc5NuL8pIhH/aSCz+P6F5Ao9EfsBlOgsfh99dD71V6SuUwhCiveLk5lK+A2hc6jxi36LdkzIUia25FBcIRoX9nmCsU7joFsWyDxHYsBLB0TGpj4PsCR96j2IVqHgzb4bLg/Wp+1Q9dJHuTTLYOuNut9iwzt4X2ghldjngkxjRf9ljNi8OXOJeyvS+jIoz44eV8B+9zN41McCRQF2EksUtTDv35lzM8RbnWctl+XvNLmX/+ZteLmUrTUX796iBDLRhdvB3Xgt6JZeYnTYCi+0EVXYxDAj8LQHCNryjRWZ9MwTTaH2avT48Fp8NR0J2t4sSJMUPqyE2jM4hjz6ZcKQrzQmWN2cxuEnthTVx2PWF9f8tBLHE8kw6jfesGt4xx3Kmr
4wyKOsB0USNGgb+RMGna+yp5lzDgrt5EkXq9Ea3jKN0hP/F/EsBQ+N/HAyWUpO20XSWqo99xQ9TRrSAMKaz6xMN282kVb3Cs1kwfuZaiwEl/mnIs7BANtgppIUsdrDXi/3uJCob888UuQ6XbnRnO4IYEXSkOlVlTHNnT33lo5ylU5nPWFLcZuW36bP+hzQiD8+p3Yornf1gPmDffiMqrNaRz5ygof9O1D8gJKhUfQmCv+2KZ8zveQaZ+tS7lG60Vpdd7+NfpsGQbtclCYhnhY6p3xa52DVizEMEnUUb6sCsjGXZeN2VvX5kFZtmWB4wz379M/6ZVzqm5
C83wL3GaDu4yqik+GoJGf9uGT4QH/AVmW4R3++sDUjTMxFMT6zj3SUb2EYiS87gQ2wOXuDW3kfBtYd3C6egC+8H6X4axeV3YBXwZUX3G0eem8qTsYd95bSuHrQvGrto7GkrfEKjyV92XXH4DcB9xw8Sxkfs9q31T5V6IYD0JVjWEM0eoyD+ztS8Iqap1X6Jgj7sCGRP7/kGGvlWuhVuNFUWXG3h3KZBke/UpwsJZwWNKt2Uu1s24s3CBh9HmutArA9nW3lelj1+5RcZZdsfsM/9/rH/GFe6pmQ==
85IKSg3nlJya4e0Ni0uUh+XCx8TApoo7Dv7A4+Pp2DUe5mtjrj2BvGh4onoPWyMNWJJPFVP5GKn4G9CN4c7OmhzbcYeTp9wmVIvIQi3gwvirom2cy/t35AOiDZUk1SJKxpaXKaOyKxXOC0YdY3zVjqhVD28IEB1LzWDx2wEhMKTyTnmQ7QpBovyUU0VUTCtoLlnrbCu1sUwahSc9Ezevlq0N+G2zbC+P+lS/eg8u+2eVDdXhGyAZJet134up/g==
gyk/bW5NJIfEruT/SeRlJkcMGbPNA013HCgUR3WSGYoqlr97/KOa0T6W9KJdyc42ohfVjAtYP988PRxUmX0oezZecKz4unhhOaB7QAAzSquY6i9QmNIn3ac8jUfJ/wFDVNFdt2FHQETCLEu6bfXE+219vGq4/Jjz2wvfZB79EuAfG1LZQ9vuQZaeBW7V+x2V9TdruEcJYGRLFVkCcjkx49pXNe4GraizYGHXkTbaQKtzOWaep8W/X8ll9hmGZ1yzb998PxY1/qmJ
85IKSg3nlJya4e0Ni0uUh+XCx8TApoo7Dv7A4+Pp2DUe5mtjrj2BvGh4onoPWyMNWJJPFVP5GKn4G9CN4c7OmhzbcYeTp9wmVIvIQi3gwvirom2cy/t35AOiDZUk1SJKxpaXKaOyKxXOC0YdY3zVjqhVD28IEB1LzWDx2wEhMKTyTnmQ7QpBovyUU0VUTCtoLlnrbCu1sUwahSc9Ezevlq0N+G2zbC+P+lS/eg8u+2eVDdXhGyAZJet134up/g==
gyk/bW5NJIfEruT/SeRlJkcMGbPNA013HCgUR3WSGYoqlr97/KOa0T6W9KJdyc42ohfVjAtYP988PRxUmX0oezZecKz4unhhOaB7QAAzSquY6i9QmNIn3ac8jUfJ/wFDVNFdt2FHQETCLEu6bfXE+219vGq4/Jjz2wvfZB79EuAfG1LZQ9vuQZaeBW7V+x2V9TdruEcJYGRLFVkCcjkx49pXNe4GraizYGHXkTbaQKtzOWaep8W/X8ll9hmGZ1yzb998PxY1/qmJ
DNpFcqT7EjSvTKcGHPJb7c7RUkHLkaU+ij8oliEVVX1vSIfbqgD3Pk9qszPFWf1FO4Qxsfvh1w+peg==
gcWhDoUnWNeUwWAXX1TEUY9d8kREad3BNHTEIZs7jcWYZlk5Qb83mQjheJuiQ5EjgsfoyQCpdw==
Mz57fUyT5cdzpgUskQtcach6o6hnuKqpwATC5ywZJS9gcwSNZIgMaF03Of9P9SuViWPmKCPBMtGUWlqWFdk2+l5cY+3hPJuizhvRsF6631mTrXO0wmL+byCu7E1euVBBUPuW5KuiB8lQ+iewwGLPXQ/M22PD7zmDDGHV19mXKEQqfPNa5UUcu1VttEpgjDBzs7sHBBbtaiDHa9p5OwvGQb5Ofc5di8VVjSdj2J+5COTjZYEieikJowLnvQ6+/UCzCLFv8b5qGGtLKW6+/zUX3iHVrvmOd6TzNy/0n+5l1qmh
k56w9CGDIPzHreWznpdWz06Snp7Dn5E0LaTSxDhaaqOpGpChThMggbRxt4InLN8Ht6R77As2hVCJEcGNU2WYvvKGwEfRO8pn8Xrc81RwKSJfwMB3lEkXmVRXMeNH78HReRVgLiSAQdlwrDxN7EDNnl5I91Z5rhuV+05LRAm35EveEP6A4/sTPMdf5g0i38PCCfSwY1udmL7RIcVGtTmB/wy+ChjNAp3EbagU0vfHNLI3UvYvf957W71m0uOjn1Mp00wVmww/g2JDRVLSWzguEKedDbsBkwsOVc9j0xvpqaA=
CwX48htkomHFMnTS5d8pXv3gzraD0paY4cp1QPCS2PdmnJlFITn0ovODfCe1+rZS/UrHdXkvo3UIbkDPrPhBfzO3ZXw3N2jPcLrHMGCir10vjDDmZC9ZgywhNVd5V0hEyjxT2oWFPLu1LRTKAEwQc1P7p4R2LUogJyt6+VvL5kGejh1O/cslVa3nA1g/+ejkw6Xhotpp6aMiJ92OHr2gs2hxz3FeKjhrK+nOPh91N95BFQ55bjeE81fvVB8OJfapgQ==
2UPtYwpLrF87rUuN5+6UU51V23Bq2Cejqn0Lnd7i/B2+f5H78Tth1Bw77frLsBL6att163BontnCk0B10ATEL/BjZEOWZTuR0ZF7l//XXbwGN5ukg1D4HT9cxaPHzwh12c0z1cHXdQd4MADqcS9M7nSCLBWzOLLzjuj9JIsDZ6zjKr1NJA2Swibeh9HjCrtd7gM2xeMkJYaInZ/XyGgNg63oQYMBeYAskoZp6C2y0WrcnKMd1JRbYA4Re9RrTaEE+g2X5RPvHx5NReiV89S/x9pcz6KOdgtvtcVFWdtYCe2L/W/TqaY=
hJ0QlE2U+0dP0qBE/+tGnJ1V23Bq2Cejqn0Lnd7i/B2+f5H78Tth1Bw77frLsBL6att163BontnFkUB10ATEL/BjZUOWZTuR0ZF7l//XXbwGN5ukg1D4HT9cxaPHzwh12c0z1cHXdQd4MADqcS9M7nSCLBWzOLLzjuj9JIsDZ6zjKr1NJA2Swibeh9HjCrtd7gM2xeMkJYaInZ/XyGgNg63oQYMBeYAskoZp6C2y0WrcnKMd1JRbYA4Re9RrTaEE+g2X5RPvHx5NReiV89S/x9pcz6KOdgtvtcVFWdtYCe2L/W/TqaY=
TrUbsgEqydJ+VwcwrAvQ4J1V23Bq2Cejqn0Lnd7i/B2+f5H78Tth1Bw77frLsBL6att163BontnCk0B10ATEL/BjakOWZTuR0ZF7l//XXbwGN5ukg1D4HT9cxaPHzwh12c0z1cHXdQd4MADqcS9M7nSCLBWzOLLzjuj9JIsDZ6zjKr1NJA2Swibeh9HjCrtd7gM2xeMkJYaInZ/XyGgNg63oQYMBeYAskoZp6C2y0WrcnKMd1JRbYA4Re9RrTaEE+g2X5RPvHx5NReiV89S/x9pcz6KOdgtvtcVFWdtYCe2L/W/TqaY=
f5wydYfEF0gEnKyLnrUFHJ1V23Bq2Cejqn0Lnd7i/B2+f5H78Tth1Bw77frLsBL6att163BontnFkUB10ATEL/Bja0OWZTuR0ZF7l//XXbwGN5ukg1D4HT9cxaPHzwh12c0z1cHXdQd4MADqcS9M7nSCLBWzOLLzjuj9JIsDZ6zjKr1NJA2Swibeh9HjCrtd7gM2xeMkJYaInZ/XyGgNg63oQYMBeYAskoZp6C2y0WrcnKMd1JRbYA4Re9RrTaEE+g2X5RPvHx5NReiV89S/x9pcz6KOdgtvtcVFWdtYCe2L/W/TqaY=
mBi3nq60WC3S7dUglN3vxJ1V23Bq2Cejqn0Lnd7i/B2+f5H78Tth1Bw77frLsBL6att163BontnCk0B10ATEL/BjaEOWZTuR0ZF7l//XXbwGN5ukg1D4HT9cxaPHzwh12c0z1cHXdQd4MADqcS9M7nSCLBWzOLLzjuj9JIsDZ6zjKr1NJA2Swibeh9HjCrtd7gM2xeMkJYaInZ/XyGgNg63oQYMBeYAskoZp6C2y0WrcnKMd1JRbYA4Re9RrTaEE+g2X5RPvHx5NReiV89S/x9pcz6KOdgtvtcVFWdtYCe2L/W/TqaY=
/pb0kITc/gnm1k5u7VmQx51V23Bq2Cejqn0Lnd7i/B2+f5H78Tth1Bw77frLsBL6att163BontnFkUB10ATEL/BjaUOWZTuR0ZF7l//XXbwGN5ukg1D4HT9cxaPHzwh12c0z1cHXdQd4MADqcS9M7nSCLBWzOLLzjuj9JIsDZ6zjKr1NJA2Swibeh9HjCrtd7gM2xeMkJYaInZ/XyGgNg63oQYMBeYAskoZp6C2y0WrcnKMd1JRbYA4Re9RrTaEE+g2X5RPvHx5NReiV89S/x9pcz6KOdgtvtcVFWdtYCe2L/W/TqaY=
IPdXAjLFb4q7ag1JTGoubp1V23Bq2Cejqn0Lnd7i/B2+f5H78Tth1Bw77frLsBL6att163BontnCk0B10ATEL/BjbkOWZTuR0ZF7l//XXbwGN5ukg1D4HT9cxaPHzwh12c0z1cHXdQd4MADqcS9M7nSCLBWzOLLzjuj9JIsDZ6zjKr1NJA2Swibeh9HjCrtd7gM2xeMkJYaInZ/XyGgNg63oQYMBeYAskoZp6C2y0WrcnKMd1JRbYA4Re9RrTaEE+g2X5RPvHx5NReiV89S/x9pcz6KOdgtvtcVFWdtYCe2L/W/TqaY=
16cIzQaG8GgevgQnqp1hop1V23Bq2Cejqn0Lnd7i/B2+f5H78Tth1Bw77frLsBL6att163BontnFkUB10ATEL/Bjb0OWZTuR0ZF7l//XXbwGN5ukg1D4HT9cxaPHzwh12c0z1cHXdQd4MADqcS9M7nSCLBWzOLLzjuj9JIsDZ6zjKr1NJA2Swibeh9HjCrtd7gM2xeMkJYaInZ/XyGgNg63oQYMBeYAskoZp6C2y0WrcnKMd1JRbYA4Re9RrTaEE+g2X5RPvHx5NReiV89S/x9pcz6KOdgtvtcVFWdtYCe2L/W/TqaY=
rIwAlGUNPmxSscPjl6XV/51V23Bq2Cejqn0Lnd7i/B2+f5H78Tth1Bw77frLsBL6att163BontnCk0B10ATEL/BjbEOWZTuR0ZF7l//XXbwGN5ukg1D4HT9cxaPHzwh12c0z1cHXdQd4MADqcS9M7nSCLBWzOLLzjuj9JIsDZ6zjKr1NJA2Swibeh9HjCrtd7gM2xeMkJYaInZ/XyGgNg63oQYMBeYAskoZp6C2y0WrcnKMd1JRbYA4Re9RrTaEE+g2X5RPvHx5NReiV89S/x9pcz6KOdgtvtcVFWdtYCe2L/W/TqaY=
v29t4SwQ2JHToz0YwyzeLp1V23Bq2Cejqn0Lnd7i/B2+f5H78Tth1Bw77frLsBL6att163BontnFkUB10ATEL/BjbUOWZTuR0ZF7l//XXbwGN5ukg1D4HT9cxaPHzwh12c0z1cHXdQd4MADqcS9M7nSCLBWzOLLzjuj9JIsDZ6zjKr1NJA2Swibeh9HjCrtd7gM2xeMkJYaInZ/XyGgNg63oQYMBeYAskoZp6C2y0WrcnKMd1JRbYA4Re9RrTaEE+g2X5RPvHx5NReiV89S/x9pcz6KOdgtvtcVFWdtYCe2L/W/TqaY=
2hDsqRa3M0dJZOHU1190Ap1V23Bq2Cejqn0Lnd7i/B2+f5H78Tth1Bw77frLsBL6att163BontnCk0B10ATEL/BjZEKWZTuR0ZF7l//XXbwGN5ukg1D4HT9cxaPHzwh12c0z1cHXdQd4MADqcS9M7nSCLBWzOLLzjuj9JIsDZ6zjKr1NJA2Swibeh9HjCrtd7gM2xeMkJYaInZ/XyGgNg63oQYMBeYAskoZp6C2y0WrcnKMd1JRbYA4Re9RrTaEE+g2X5RPvHx5NReiV89S/x9pcz6KOdgtvtcVFWdtYCe2L/W/TqaY=
xlN3b9UrrfF3sXbjsYlAYp1V23Bq2Cejqn0Lnd7i/B2+f5H78Tth1Bw77frLsBL6att163BontnFkUB10ATEL/BjZUKWZTuR0ZF7l//XXbwGN5ukg1D4HT9cxaPHzwh12c0z1cHXdQd4MADqcS9M7nSCLBWzOLLzjuj9JIsDZ6zjKr1NJA2Swibeh9HjCrtd7gM2xeMkJYaInZ/XyGgNg63oQYMBeYAskoZp6C2y0WrcnKMd1JRbYA4Re9RrTaEE+g2X5RPvHx5NReiV89S/x9pcz6KOdgtvtcVFWdtYCe2L/W/TqaY=
4MOszyms30KfHsrDs8tHZZ1V23Bq2Cejqn0Lnd7i/B2+f5H78Tth1Bw77frLsBL6att163BontnCk0B10ATEL/BjakKWZTuR0ZF7l//XXbwGN5ukg1D4HT9cxaPHzwh12c0z1cHXdQd4MADqcS9M7nSCLBWzOLLzjuj9JIsDZ6zjKr1NJA2Swibeh9HjCrtd7gM2xeMkJYaInZ/XyGgNg63oQYMBeYAskoZp6C2y0WrcnKMd1JRbYA4Re9RrTaEE+g2X5RPvHx5NReiV89S/x9pcz6KOdgtvtcVFWdtYCe2L/W/TqaY=
JvazZ0AcNyMrOef1Q56+I51V23Bq2Cejqn0Lnd7i/B2+f5H78Tth1Bw77frLsBL6att163BontnFkUB10ATEL/Bja0KWZTuR0ZF7l//XXbwGN5ukg1D4HT9cxaPHzwh12c0z1cHXdQd4MADqcS9M7nSCLBWzOLLzjuj9JIsDZ6zjKr1NJA2Swibeh9HjCrtd7gM2xeMkJYaInZ/XyGgNg63oQYMBeYAskoZp6C2y0WrcnKMd1JRbYA4Re9RrTaEE+g2X5RPvHx5NReiV89S/x9pcz6KOdgtvtcVFWdtYCe2L/W/TqaY=
guZLkHB+zBCkgIqnNENGH51V23Bq2Cejqn0Lnd7i/B2+f5H78Tth1Bw77frLsBL6att163BontnCk0B10ATEL/BjaEKWZTuR0ZF7l//XXbwGN5ukg1D4HT9cxaPHzwh12c0z1cHXdQd4MADqcS9M7nSCLBWzOLLzjuj9JIsDZ6zjKr1NJA2Swibeh9HjCrtd7gM2xeMkJYaInZ/XyGgNg63oQYMBeYAskoZp6C2y0WrcnKMd1JRbYA4Re9RrTaEE+g2X5RPvHx5NReiV89S/x9pcz6KOdgtvtcVFWdtYCe2L/W/TqaY=
EuH/4e0Dg+yIohh6Qum8tJ1V23Bq2Cejqn0Lnd7i/B2+f5H78Tth1Bw77frLsBL6att163BontnFkUB10ATEL/BjaUKWZTuR0ZF7l//XXbwGN5ukg1D4HT9cxaPHzwh12c0z1cHXdQd4MADqcS9M7nSCLBWzOLLzjuj9JIsDZ6zjKr1NJA2Swibeh9HjCrtd7gM2xeMkJYaInZ/XyGgNg63oQYMBeYAskoZp6C2y0WrcnKMd1JRbYA4Re9RrTaEE+g2X5RPvHx5NReiV89S/x9pcz6KOdgtvtcVFWdtYCe2L/W/TqaY=
+SHa82sDlaetsZuhGeGYEFOs+N9hxj0QH651Soy0pjmNPA3vs5Eh7PNZA6fPO3wdKHFancojp7ywZFadM7pMfnckPKhKlglx6PIxWK/P76NjQ6Zrmi7Xxha3rumXtS2tMzWG7SLtbDYB34N2TwD9fydTsOmpkQvJwctNWwisuHaR83SyBJ8Axm3kCmb/tEX4ax9fsJN2BdGkkSqeVsK/zQPWAwGen44ZI/gdmvjBpwso9LUf3bR5nwFluHDiGtF0zW7pNqyAm8EUSOP8fk3DCItRmRiKUS95k3OnQj1Z0IkTCAebqsB3fk6qM3PFmX2FO8SxcfuhV8+pug==
WGH8Y+R7iu1EH5X+3Jm7D51V23Bq2Cejqn0Lnd7i/B2+f5H78Tth1Bw77frLsBL6att163BontnFkUB10ATEL/BjbkKWZTuR0ZF7l//XXbwGN5ukg1D4HT9cxaPHzwh12c0z1cHXdQd4MADqcS9M7nSCLBWzOLLzjuj9JIsDZ6zjKr1NJA2Swibeh9HjCrtd7gM2xeMkJYaInZ/XyGgNg63oQYMBeYAskoZp6C2y0WrcnKMd1JRbYA4Re9RrTaEE+g2X5RPvHx5NReiV89S/x9pcz6KOdgtvtcVFWdtYCe2L/W/TqaY=
HMR/OiH6XMtbraT1sbK/vKJhi8Z8dje0YUtkJ7+jWhuH5sXFKF4Szvm18eA8OsEBDHQ/1RTwGaXWuaZuM/uXupBNXIJpdvMTNaJPxoDP1Cmd9+Zqqn6Q+rWxPnGpeyWTdD9qah5lPK1aQVrv9MxZZk2Z+h6VOEL2Jf1lmBmr8YsTkwZlp/87Q2IEYKgR8pfBliv/CQaCothaU1mvBQwkCUBwja8o0VmfTME02h9mr0+PBafDUdCdreLEiTFD6shNozOIY8+mXCkK80JljdnMbhJ7YU1cdj1hfX7LQSxxPJMOo33rBreMcdypqw==
HzltxIDhBg6wSP3eWLwO0pGUwAnsHXFynk5mtXRMxXfPjpuHpiu9tmN29pNoDs6/rIVnFPg2cWolBMIgzgEia2eUZ59G/4UcI+XrDHqwww88zDo9jH5ntlRIDHsqhxSLnhiAVpr+p5FsNePTjwf2r8g+VC0WiUhBSMvehBMy7wl4ij+QCLJ33XecE4Pb31HDpPEtd5HnMEQyjDv6ndW0e71drCooXMjzC+tPJA4dQmCv+2KZ8zveQaZ+tS7lG60Vpdd7+NfpsGQbtclCYhnhY6p3xa52DVizEMEnUUb6sCsjGXZeN2VvXpkFZtmWB4wz379M/6ZVzqm5
HMR/OiH6XMtbraT1sbK/vKJhi8Z8dje0YUtkJ7+jWhuH5sXFKF4Szvm18eA8OsEBDHQ/1RTwGaXWuaZuM/uXupBNXIJpdvMTNaJPxoDP1Cmd9+Zqqn6Q+rWxPnGpeyWTdD9qah5lPK1aQVrv9MxZZk2Z+h6VOEL2Jf1lmBmr8YsTkwZlp/87Q2IEYKgR8pfBliv/CQaCothaU1mvBQwkCUBwja8o0VmfTME02h9mr0+PBafDUdCdreLEiTFD6shNozOIY8+mXCkK80JljdnMbhJ7YU1cdj1hfX7LQSxxPJMOo33rBreMcdypqw==
R9Hm8eY6BKtP9+5MeEG5Y1Os+N9hxj0QH651Soy0pjmNPA3vs5Eh7PNZA6fPO3wdKHFancojp7ywZFadM7pMfnckPKhKlglx6PIxWK/M6qJmQaBrkSzUxha3rumXtS2tMzWG7SLtbDYB34N2TwD9fydTsOmpkQvJwctNWwisuHaR83SyBJ8Axm3kCmb/tEX4ax9fsJN2BdGkkSqeVsK/zQPWAwGen44ZI/gdmvjBpwso9LUf3bR5nwFluHDiGtF0zW7pNqyAm8EUSOP8fk3DCItRmRiKUS95k3OnQj1Z0IkTCAebqsB3fk6qM3PFmX2FO8SxcfuhV8+pug==
HMR/OiH6XMtbraT1sbK/vKJhi8Z8dje0YUtkJ7+jWhuH5sXFKF4Szvm18eA8OsEBDHQ/1RTwGaXWuaZuM/uXupBNXIJpdvMTNaJPxoDP1Cmd9+Zqqn6Q+rWxPnGpeyWTdD9qah5lPK1aQVrv9MxZZk2Z+h6VOEL2Jf1lmBmr8YsTkwZlp/87Q2IEYKgR8pfBliv/CQaCothaU1mvBQwkCUBwja8o0VmfTME02h9mr0+PBafDUdCdreLEiTFD6shNozOIY8+mXCkK80JljdnMbhJ7YU1cdj1hfX7LQSxxPJMOo33rBreMcdypqw==
TkGYh/szJf6PpwwBAptr2FOs+N9hxj0QH651Soy0pjmNPA3vs5Eh7PNZA6fPO3wdKHFancojp7ywZFadM7pMfnckPKhKlglx6PIxWK/I76phRqdqkS7Uxha3rumXtS2tMzWG7SLtbDYB34N2TwD9fydTsOmpkQvJwctNWwisuHaR83SyBJ8Axm3kCmb/tEX4ax9fsJN2BdGkkSqeVsK/zQPWAwGen44ZI/gdmvjBpwso9LUf3bR5nwFluHDiGtF0zW7pNqyAm8EUSOP8fk3DCItRmRiKUS95k3OnQj1Z0IkTCAebqsB3fk6qM3PFmX2FO8SxcfuhV8+pug==
HMR/OiH6XMtbraT1sbK/vKJhi8Z8dje0YUtkJ7+jWhuH5sXFKF4Szvm18eA8OsEBDHQ/1RTwGaXWuaZuM/uXupBNXIJpdvMTNaJPxoDP1Cmd9+Zqqn6Q+rWxPnGpeyWTdD9qah5lPK1aQVrv9MxZZk2Z+h6VOEL2Jf1lmBmr8YsTkwZlp/87Q2IEYKgR8pfBliv/CQaCothaU1mvBQwkCUBwja8o0VmfTME02h9mr0+PBafDUdCdreLEiTFD6shNozOIY8+mXCkK80JljdnMbhJ7YU1cdj1hfX7LQSxxPJMOo33rBreMcdypqw==
2yh6T1px7Lnbip+Kp8UdKVOs+N9hxj0QH651Soy0pjmNPA3vs5Eh7PNZA6fPO3wdKHFancojp7ywZFadM7pMfnckPKhKlglx6PIxWK/K66NkQ6FomC/Uxha3rumXtS2tMzWG7SLtbDYB34N2TwD9fydTsOmpkQvJwctNWwisuHaR83SyBJ8Axm3kCmb/tEX4ax9fsJN2BdGkkSqeVsK/zQPWAwGen44ZI/gdmvjBpwso9LUf3bR5nwFluHDiGtF0zW7pNqyAm8EUSOP8fk3DCItRmRiKUS95k3OnQj1Z0IkTCAebqsB3fk6qM3PFmX2FO8SxcfuhV8+pug==
HMR/OiH6XMtbraT1sbK/vKJhi8Z8dje0YUtkJ7+jWhuH5sXFKF4Szvm18eA8OsEBDHQ/1RTwGaXWuaZuM/uXupBNXIJpdvMTNaJPxoDP1Cmd9+Zqqn6Q+rWxPnGpeyWTdD9qah5lPK1aQVrv9MxZZk2Z+h6VOEL2Jf1lmBmr8YsTkwZlp/87Q2IEYKgR8pfBliv/CQaCothaU1mvBQwkCUBwja8o0VmfTME02h9mr0+PBafDUdCdreLEiTFD6shNozOIY8+mXCkK80JljdnMbhJ7YU1cdj1hfX7LQSxxPJMOo33rBreMcdypqw==
HzD3qzPygorqGxbag7R7IOjpF81uHFJyv5hYRHXiWpT8vbL7BdqGp+0GY73EsZ262T1vr3RtJv7EFf5UzOKmmtYq0Tq23kmWVTrekFob3ZB1m2PmDgjW9eqv389h82MHsjv6B5DY4f2nUGcakQFXQaTfkZsXx8HJSV0AlrRogYEApBy1POhNBu6AF25pxltNC8brPFmf5FPuWJ44cxPTZLdXxvXyd0NauTxQW0v12GYhqWU+5RGB5zz2aqBd6l2cHaA0KidvtCqHmhYXb7Y7g03ucpvzt1Mx4wR1I5zXQzozTXIqi5CuiBdV7YMR+0vWpUfDq0vBqbg=
HMR/OiH6XMtbraT1sbK/vKJhi8Z8dje0YUtkJ7+jWhuH5sXFKF4Szvm18eA8OsEBDHQ/1RTwGaXWuaZuM/uXupBNXIJpdvMTNaJPxoDP1Cmd9+Zqqn6Q+rWxPnGpeyWTdD9qah5lPK1aQVrv9MxZZk2Z+h6VOEL2Jf1lmBmr8YsTkwZlp/87Q2IEYKgR8pfBliv/CQaCothaU1mvBQwkCUBwja8o0VmfTME02h9mr0+PBafDUdCdreLEiTFD6shNozOIY8+mXCkK80JljdnMbhJ7YU1cdj1hfX7LQSxxPJMOo33rBreMcdypqw==
/LDX4Ivr2kvc7P54vx4jiVOs+N9hxj0QH651Soy0pjmNPA3vs5Eh7PNZA6fPO3wdKHFancojp7ywZFadM7pMfnckPKhKlglx6PIxWK/K66pjQ61oni/Xxha3rumXtS2tMzWG7SLtbDYB34N2TwD9fydTsOmpkQvJwctNWwisuHaR83SyBJ8Axm3kCmb/tEX4ax9fsJN2BdGkkSqeVsK/zQPWAwGen44ZI/gdmvjBpwso9LUf3bR5nwFluHDiGtF0zW7pNqyAm8EUSOP8fk3DCItRmRiKUS95k3OnQj1Z0IkTCAebqsB3fk6qM3PFmX2FO8SxcfuhV8+pug==
HMR/OiH6XMtbraT1sbK/vKJhi8Z8dje0YUtkJ7+jWhuH5sXFKF4Szvm18eA8OsEBDHQ/1RTwGaXWuaZuM/uXupBNXIJpdvMTNaJPxoDP1Cmd9+Zqqn6Q+rWxPnGpeyWTdD9qah5lPK1aQVrv9MxZZk2Z+h6VOEL2Jf1lmBmr8YsTkwZlp/87Q2IEYKgR8pfBliv/CQaCothaU1mvBQwkCUBwja8o0VmfTME02h9mr0+PBafDUdCdreLEiTFD6shNozOIY8+mXCkK80JljdnMbhJ7YU1cdj1hfX7LQSxxPJMOo33rBreMcdypqw==
PRRQoX3MrWxqcMJM6VKJzFOs+N9hxj0QH651Soy0pjmNPA3vs5Eh7PNZA6fPO3wdKHFancojp7ywZFadM7pMfnckPKhKlglx6PIxWK/L76RmT6Jumy3Uxha3rumXtS2tMzWG7SLtbDYB34N2TwD9fydTsOmpkQvJwctNWwisuHaR83SyBJ8Axm3kCmb/tEX4ax9fsJN2BdGkkSqeVsK/zQPWAwGen44ZI/gdmvjBpwso9LUf3bR5nwFluHDiGtF0zW7pNqyAm8EUSOP8fk3DCItRmRiKUS95k3OnQj1Z0IkTCAebqsB3fk6qM3PFmX2FO8SxcfuhV8+pug==
HMR/OiH6XMtbraT1sbK/vKJhi8Z8dje0YUtkJ7+jWhuH5sXFKF4Szvm18eA8OsEBDHQ/1RTwGaXWuaZuM/uXupBNXIJpdvMTNaJPxoDP1Cmd9+Zqqn6Q+rWxPnGpeyWTdD9qah5lPK1aQVrv9MxZZk2Z+h6VOEL2Jf1lmBmr8YsTkwZlp/87Q2IEYKgR8pfBliv/CQaCothaU1mvBQwkCUBwja8o0VmfTME02h9mr0+PBafDUdCdreLEiTFD6shNozOIY8+mXCkK80JljdnMbhJ7YU1cdj1hfX7LQSxxPJMOo33rBreMcdypqw==
HMR/OiH6XMtbraT1sbK/vKJhi8Z8dje0YUtkJ7+jWhuH5sXFKF4Szvm18eA8OsEBDHQ/1RTwGaXWuaZuM/uXupBNXIJpdvMTNaJPxoDP1Cmd9+Zqqn6Q+rWxPnGpeyWTdD9qah5lPK1aQVrv9MxZZk2Z+h6VOEL2Jf1lmBmr8YsTkwZlp/87Q2IEYKgR8pfBliv/CQaCothaU1mvBQwkCUBwja8o0VmfTME02h9mr0+PBafDUdCdreLEiTFD6shNozOIY8+mXCkK80JljdnMbhJ7YU1cdj1hfX7LQSxxPJMOo33rBreMcdypqw==
uhZX1h6fZru+ZnWSDCx+Nc7RUkHLkaU+ij8oliEVVX1vSIfbqgD3Pk5sszDFWf1FO4Qxsfvh1w+peg==
WXzbhzyO351e6PjWOBjbfI9d8kREad3BNHTEIZs7jcWYZlk5Qb4xmQvheJuiQ5EjgsfoyQCpdw==
uhZX1h6fZru+ZnWSDCx+Nc7RUkHLkaU+ij8oliEVVX1vSIfbqgD3Pk5sszDFWf1FO4Qxsfvh1w+peg==
WXzbhzyO351e6PjWOBjbfI9d8kREad3BNHTEIZs7jcWYZlk5Qb4xmQvheJuiQ5EjgsfoyQCpdw==
L4Kf1xTCuGzJvW3QIytf1/ctNglVOD0TPI8UR9ypi1QRI7M1QvbE406zandPkbJOUz1zngNdQUnSDyDT8/fID4ItcqkF
MlDd/DtEE5akBnTFyQcK4+nX12u6PRI/nF9QL63dmqereXqjWzkW7kys5YNdlk+0GBfIB0NoQ0YWuH/ZYBO1eTrG4FI+R9DBtPnlBXaxJncySzK9M5SB0CVOBBOXRRisj5fcB/Zfo9jnknsDbBBh5ywhPSeQwehie5arB2Nli8sVQDn1HoQ16Sf6DMVPE6SrSxZ4UdZzHp2paUgmPlsNxRhm2TnBvrGZi+H4myJDESMCx2jJgKn3
IuAsfAE6z1996TVoa0NhIfctNglVOD0TPIsWSdypi1QRI7M1QvbE406zandPkbJOUz1zngNdQUnSDyDT8/fID4ItcqkF
ldResYtnLt9j8OSVOl+K3uX9Hq/Nsaz9g3TBlanJ5g9A5+6b7fwtbj6ojQ1xNQWrCeFqGLfq5g4veCQvZfjcg8IoQ84lEUM6eRzQewsV2IZhieUeJXGBh/zW6oAdCl18XYC0CucPtEpHupY3L1Y7Yw3O8rsz11NRIyT1A9w3Q9pzbfIKS/Cu7td2baNRG0s25WdDi4uhqdg=
T9HEaaDWAAbismukQ5oS7B+zeuFcYXO7qSFU1IL+N/38O1Ij3jWEAqvpTj6fdbfexxWNee43BPPX79QfjiV2qQE=
DSL2xkAOITvGORps0FamcMPSDoj3m+ZqDyDoagMsui3Xc6ak5LlErzgCyTUZMJKJn15MMnynDcwtY8NAdSUvFCw0AEcw9dRygUAoTiS0vZ4Px65gnxC0S4npOcDsLryndZkqZZwrn2lHCQ2xL7PnSp7aI+1MboaBJw+58QDbn7g1YyVTpgI5JDFxmr2Hb9zwX1DfBECwOk7hslY1wsM+iVmYNl/DQuPQF3yHGYyVXFr7gc7guopj0qMVEiJ7KC0mx07Ny6EDi761nyMjO/mpkA==
PPgOY8MiJ4T8yGzkyhtvF04mKxY3c8f9s/AKPph6ERPaXyCUBO3bH+Hp3uDxfJj57cs8Yv9heqyOpNlqxX9S4F+bktkDWy5BVh5FbhV7XZW1t6u4B4kgZIuVGQKyufHjmtf17sYt6LOg4ZeRdlqAqzO5Jp5nRf9dD+U1GcbnnLOvXzw/1rW+qck=
xwaYelkPhRsWT+Ua/nkNPs7RUkHLkaU+ij8oliEVVX1vSIfbqgD3PkxsszDFWf1FO4Qxsfvh1w+peg==
NFaC39K6hHGqo4z76NOseY9d8kREad3BNHTEIZs7jcWYZlk5QbwxmQvheJuiQ5EjgsfoyQCpdw==
fVOBIvKH2ufip1o4BkEuChHwceNAc3KpuDEXxJ2rN7XGfkhz0iuOF6vpTj6fdbfcxxWNee43BPPX79QfjiV2qQE=
h2l2X/2oPZ+jvHqN28oFPuX9Hq/Nsaz9g3TBlanJ5g9A5+6b7fwtbj6ojQ1xNQWrCeFqGLfq5g4veCQvZfjcg8IoQ84lEUM6eRzQewsV2IZhieUeJXGBh/zW6oAdCl18XYC0CucPtEpHupY3L1Y7Yw3O8rsz11NRIyT1A9w3Q9pzbfIKS/Cs7td2baNRG0s25WdDi4uhqdg=
fVOBIvKH2ufip1o4BkEuChHwceNAc3KpuDEXxJ2rN7XGfkhz0iuOF6vpTj6fdbfcxxWNee43BPPX79QfjiV2qQE=
h2l2X/2oPZ+jvHqN28oFPuX9Hq/Nsaz9g3TBlanJ5g9A5+6b7fwtbj6ojQ1xNQWrCeFqGLfq5g4veCQvZfjcg8IoQ84lEUM6eRzQewsV2IZhieUeJXGBh/zW6oAdCl18XYC0CucPtEpHupY3L1Y7Yw3O8rsz11NRIyT1A9w3Q9pzbfIKS/Cs7td2baNRG0s25WdDi4uhqdg=
fVOBIvKH2ufip1o4BkEuChHwceNAc3KpuDEXxJ2rN7XGfkhz0iuOF6vpTj6fdbfcxxWNee43BPPX79QfjiV2qQE=
h2l2X/2oPZ+jvHqN28oFPuX9Hq/Nsaz9g3TBlanJ5g9A5+6b7fwtbj6ojQ1xNQWrCeFqGLfq5g4veCQvZfjcg8IoQ84lEUM6eRzQewsV2IZhieUeJXGBh/zW6oAdCl18XYC0CucPtEpHupY3L1Y7Yw3O8rsz11NRIyT1A9w3Q9pzbfIKS/Cs7td2baNRG0s25WdDi4uhqdg=
fVOBIvKH2ufip1o4BkEuChHwceNAc3KpuDEXxJ2rN7XGfkhz0iuOF6vpTj6fdbfcxxWNee43BPPX79QfjiV2qQE=
h2l2X/2oPZ+jvHqN28oFPuX9Hq/Nsaz9g3TBlanJ5g9A5+6b7fwtbj6ojQ1xNQWrCeFqGLfq5g4veCQvZfjcg8IoQ84lEUM6eRzQewsV2IZhieUeJXGBh/zW6oAdCl18XYC0CucPtEpHupY3L1Y7Yw3O8rsz11NRIyT1A9w3Q9pzbfIKS/Cs7td2baNRG0s25WdDi4uhqdg=
LYFo0iUxUfzUZN+9GMdjcvctNglVOD0TPIsWSdypi1QRI7M1QvbE406zandPkbJOUz1znANdQUnSDyDT8/fID4ItcqkF
h2l2X/2oPZ+jvHqN28oFPuX9Hq/Nsaz9g3TBlanJ5g9A5+6b7fwtbj6ojQ1xNQWrCeFqGLfq5g4veCQvZfjcg8IoQ84lEUM6eRzQewsV2IZhieUeJXGBh/zW6oAdCl18XYC0CucPtEpHupY3L1Y7Yw3O8rsz11NRIyT1A9w3Q9pzbfIKS/Cs7td2baNRG0s25WdDi4uhqdg=
NnU8ds0jcJ0SR3Y7935N9/ctNglVOD0TPI8UR9ypi1QRI7M1QvbE406zandPkbJOUz1znANdQUnSDyDT8/fID4ItcqkF
CzOwozXWVP0fWYiuYcjKMq/9E6nUsef7g23BiqGKr1EZwcz63ahtOGb26V0sdgvjRdtIObOkv1BrLUREOu/RxME3TtIvNRwvVlreYAkV2IZhieUeJXGBh/zW6oAdCl18XYC0CucPtEpHupY3L1Y7Yw3O8rsz11NRIyT1A9w3Q9pzbfIKS/Cs7td2baNRG0s25WdDi4uhqdg=
sSyNnHGWkvRgesGrqC55WYKt/uqDGrS0CL/DOSsTLcaV7K30vkKZAYSSq089T9jFOyA/3PPZ9NhSSzEoeWMebufxXGMObi68IXH4qpmd9WItdYGL5KLanPUuPRBlVGQ2r0t0hp8O5muHspvPdVpiR7tT09270EWftJOjNss5oraDNOyij0Kdf3l/axodc1P3g6Wp1A==
iRhiVkS/wNhZoqmGWZvqWSYziATcsfy14eDQY1E31oqTlEAPOuvCCKCgv1OUcUmK3L7RR2B9Duk+jd5WYG5wvPYmjz6bkQKek/xsap9qPdcpdyuSTVtzXxNtqRw=
afHdgGAw8MG8QRSU8EvoAQ6O30+faYAXgTiwMGHtpCs260JTHgyU6NhuugifNH+nWnwPQowQS0w1JQU52/jJzQudL3OpBg==
5ZMQjLx81zoT1kjsVovYBw2O30+faYAXgTiwMGHtpCs260JTHgyU6NhuugifNH+nWnwPQowQS0w1JQU52/jJzQudL3OpBg==
0bVTcYuHQgwzgRd5CREeVw6C0F6faYAXgTiwMGHtpCs260JTHgyU6NhuugifNH+nWnwPQowQS0w1JQU52/jJzQudL3OpBg==
xbewkoArnb1W+kKSXpj10Fw04t5xYL74Zo90anRlYYYHOSjm4Go6/Pz+YW57TOc8jxfBDTz23aEdfG2BD/EcU+6jHavmN6wxfKkL
5ZJVGOEVIxd1OPxvsGQWrzQk9usoBCRLwre/Q7QBiTq8LlHXgM1OGR6d3kZAnjAMFrYPrvshwu6z7Gx6vxr9Z0nnqwKt6zOvM32pDA==
2hal/JrGMbtDZ9jV8ZJEADYk9usoBCRLwre/Q7QBiTq8LlHXgM1OGR6d3kZAnjAMFrYPrvshwu6z7Gx6vxr9Z0nnqwKt6zOvM32pDA==
r0mQh00CdgJIjj58CqFgYjUk9usoBCRLwre/Q7QBiTq8LlHXgM1OGR6d3kZAnjAMFrYPrvshwu6z7Gx6vxr9Z0nnqwKt6zOvM32pDA==
kod8X7FRgp+r7EXbPVL5w1+TMDC2jLMgWxCD2qxeTEr10Qqkms9IshB1ZY7rGQQupNqehGB+/Zbf/CN0ozetBTjmOfkhvBFZq2GY20JDcWMiR0gJYKkX
L/zHy4SXXkaxJ7yVua5AHlyTMDC2jLMgWxCD2qxeTEr10Qqkms9IshB1ZY7rGQQupNqehGB+/Zbf/CN0ozetBTjmOfkhvBFZq2GY20JDcWMiR0gJYKkX
T0wcG2Ji2Kul74zrPsaVVZ0/gXBQiXg3oqQ8CjerybjhfkYOBo63mdhw8O+ipgJ9Z4rhCW4KRvLMUKo+N0KNVMHQyacngbpuq23LHHuNeSnaHwgTm0dAb1odaqkd
GbmjKc/pPUnzwddMVOMmi54/gXBQiXg3oqQ8CjerybjhfkYOBo63mdhw8O+ipgJ9Z4rhCW4KRvLMUKo+N0KNVMHQyacngbpuq23LHHuNeSnaHwgTm0dAb1odaqkd
VwWmqzYX5a1+gGroEqd68Sc+iBnDo+vKv+TadnYK/Ly4iUY/dPzVDa6nv1OUcUmK3L7RR2B9Duk+jd5WYG5wvPYmjz6bkQKek/xsap9qPdcpdyuSTVtzXxNtqRw=
vq+45mjhaldyonI/jmRr0yQ+iBnDo+vKv+TadnYK/Ly4iUY/dPzVDa6nv1OUcUmK3L7RR2B9Duk+jd5WYG5wvPYmjz6bkQKek/xsap9qPdcpdyuSTVtzXxNtqRw=
/aIUtKcRBGtm57aNM7qCKzMk9uooBCRLwre/Q7QBiTq8LlHXgM1OGR6d3kZAnjAMFrYPrvshwu6z7Gx6vxr9Z0nnqwKt6zOvM32pDA==
hlDRKTzYRLztuBqZ9EpM2C8ziATcsfy14eDQY1E31oqTlEAPOuvCCKCgv1OUcUmK3L7RR2B9Duk+jd5WYG5wvPYmjz6bkQKek/xsap9qPdcpdyuSTVtzXxNtqRw=
CfV3PJLCf1f1PTkWBMUf5DIk9uooBCRLwre/Q7QBiTq8LlHXgM1OGR6d3kZAnjAMFrYPrvshwu6z7Gx6vxr9Z0nnqwKt6zOvM32pDA==
w82yncmv6Qi7HduxRlApVTUk9uooBCRLwre/Q7QBiTq8LlHXgM1OGR6d3kZAnjAMFrYPrvshwu6z7Gx6vxr9Z0nnqwKt6zOvM32pDA==
xyHZ9YrZmq9eYTWIYnfhkTQk9uooBCRLwre/Q7QBiTq8LlHXgM1OGR6d3kZAnjAMFrYPrvshwu6z7Gx6vxr9Z0nnqwKt6zOvM32pDA==
BlbDMpjJfjlQMiS1XecyJDYk9uooBCRLwre/Q7QBiTq8LlHXgM1OGR6d3kZAnjAMFrYPrvshwu6z7Gx6vxr9Z0nnqwKt6zOvM32pDA==
IOhwCPEdDXc+V9FakIAW8ic+iBnDo+vKvuTadnYK/Ly4iUY/dPzVDa6nv1OUcUmK3L7RR2B9Duk+jd5WYG5wvPYmjz6bkQKek/xsap9qPdcpdyuSTVtzXxNtqRw=
lvhjwoFICDQdfkmKcsv6OiQ+iBnDo+vKvuTadnYK/Ly4iUY/dPzVDa6nv1OUcUmK3L7RR2B9Duk+jd5WYG5wvPYmjz6bkQKek/xsap9qPdcpdyuSTVtzXxNtqRw=
vh3v1LIMbWporSsoHp/OnHmqbsUe4N8C4Kh6K6WQoBd+Gl3ByZikVEomt9oVT8AC6NUNXjNZPN6MuoaUaH71hsccCwSb9/VV0EZBSak8makTATALGgOJU0pnUBloqR8=
h0ndkOs7U2YLdUOp+OhhfTYk9ukoBCRLwre/Q7QBiTq8LlHXgM1OGR6d3kZAnjAMFrYPrvshwu6z7Gx6vxr9Z0nnqwKt6zOvM32pDA==
UB1KmesRlBaGi58pZom9LDUk9ukoBCRLwre/Q7QBiTq8LlHXgM1OGR6d3kZAnjAMFrYPrvshwu6z7Gx6vxr9Z0nnqwKt6zOvM32pDA==
sql9QQtZE6FTWLR6iwNKlzIk9ukoBCRLwre/Q7QBiTq8LlHXgM1OGR6d3kZAnjAMFrYPrvshwu6z7Gx6vxr9Z0nnqwKt6zOvM32pDA==
9s3rXAnu5jyv5k32NKjXYDQk9ukoBCRLwre/Q7QBiTq8LlHXgM1OGR6d3kZAnjAMFrYPrvshwu6z7Gx6vxr9Z0nnqwKt6zOvM32pDA==
lxOriCCkBNtNK5r3Djf0zTMk9ukoBCRLwre/Q7QBiTq8LlHXgM1OGR6d3kZAnjAMFrYPrvshwu6z7Gx6vxr9Z0nnqwKt6zOvM32pDA==
L0c2MyTAvS+94XnxgQvaiyc+iBnDo+vKveTadnYK/Ly4iUY/dPzVDa6nv1OUcUmK3L7RR2B9Duk+jd5WYG5wvPYmjz6bkQKek/xsap9qPdcpdyuSTVtzXxNtqRw=
WEr7L0ZjYCNI+SBrbzDKiCQ+iBnDo+vKveTadnYK/Ly4iUY/dPzVDa6nv1OUcUmK3L7RR2B9Duk+jd5WYG5wvPYmjz6bkQKek/xsap9qPdcpdyuSTVtzXxNtqRw=
8QRKFTf8xNtNd3kH5dPnAHmqbsAe4N8C4Kh6K6WQoBd+Gl3ByZikVEomt9oVT8AC6NUNXjNZPN6MuoaUaH71hsccCwSb9/VV0EZBSak8makTATALGgOJU0pnUBloqR8=
+DRH9SzfXL2P8YqSsKfwgQckzJRtEj3OHVWS75LG0r0XalGJ/qoWMvwwuj4nor0UEXBZJ5fhSi77jfsci60p6Wq/+JMLpxAvqj16qQ0=
RER05HoCqM176PY2oib6GBZq663UHMAv1g6ODbsytelaErqigLg+vqMqQYS9yP3H8znmnifFP1xPZXUZBmfcs+/f/D+WNX6pCQ==
5Q1CGYvfdkkhDE6jcCIDxxdq663UHMAv1g6ODbsytelaErqigLg+vqMqQYS9yP3H8znmnifFP1xPZXUZBmfcs+/f/D+WNX6pCQ==
e8it9L7bkketnQUT/Np4ahRq663UHMAv1g6ODbsytelaErqigLg+vqMqQYS9yP3H8znmnifFP1xPZXUZBmfcs+/f/D+WNX6pCQ==
pVbPhEhzpU6eMJUzITovZx8Dy9xhWL/8c490anRlYYYHOSjm4Go6/Pz+YW57TOc8jxfBDTz23aEdfG2BD/EcU+6jHavmN6wxfKkL
VhoS7ZertHGq4Z/UwqFm2xwDy9xhWL/8c490anRlYYYHOSjm4Go6/Pz+YW57TOc8jxfBDTz23aEdc22BD/EcU+6jHavmN6wxfKkL
BeoyN0jxFunWIsORoYin8h8Cy9xhWL/8c490anRlYYYHOSjm4Go6/Pz+YW57TOc8jxfBDTz23aEdc22BD/EcU+6jHavmN6wxfKkL
O7xU7Vy28NN4p5opZ4Yv1xwCy9xhWL/8c490anRlYYYHOSjm4Go6/Pz+YW57TOc8jxfBDTz23aEdc22BD/EcU+6jHavmN6wxfKkL
n6spU5DZTaLyAHtCOCOD8vHu1Ht14tzUaEEG96SUdeU+Lz/bBJnp4gx2kY+wFS4BLoXeXnCGUNQm7s/2S/midgN04+IPgp2/+b9rWp0zU7cDZakU
4VsRPlOi2hSQXkSGW5JzAlDd7tNKISDhgnJUsM5nfx9MVTmW1Mrxaxi53pWWGV7a+ArAYL4Sb1KjlRKie6gjpsfOzUuhg4s+tR8jozt5qRA=
eKv14bvd6iFspAtHav6sMnwDiatfsRsLXyVYWzGU6NwBATyHhmfa356ADGRowiLk/9gnC+ow1w5DXJMABQld1bsU0eE7kTd/qQo=
ofdp5iyQljuKsJRWndb61Rzci6VrPS+8q23xJzdPMCK4Fb0+o9lMflz6tnR4fuXm99xbpGt3ZbVgBpFp2TOpycPBQKuKgzmzGiegOXipDw==
kRPIZRFgg+eyNTacsnFu3QNc8q5pFn3EusZgxx/hEO/h4AB4oaVUcxbTUlseBITQ+DZKQF98z386hJ/KA5jbNNV9tfGbMLkVK6U/e6kO
JwZj37ed1+/Ml80PsrHh0Cibhr4OO8vynQ06HnyAvK9unmZtY4L9KRLCgoJoyCa+u9oppIWYNYc7ib5+T1WH07f13blel5RzJ48EX74FZqkR
mgaBMDUnDeMXH+v8qx57pjaSk7wEG/3HsQA1FW+bqa9unmZtY4L9KRLCgoJoyCa+u9oppIWYNYc7ib5+T1WH07f13blel5RzJ48EX74FZqkR
3yiU8A0c8rabYpJ8XfzSxATQi7x9Ii+kvWjzNDdPMCK4Fb0+o9lMflz6tnR4fuXm99xbpGt3ZbVgBpFp2TOpycPBQKuKgzmzGiegOXipDw==
pYbWEjiyRuAGeuARiAEPcx7Wi6BlIy+kvWjzNDdPMCK4Fb0+o9lMflz6tnR4fuXm99xbpGt3ZbVgBpFp2TOpycPBQKuKgzmzGiegOXipDw==
iyknw8B4ypWH9J6zpyGzKCgylqx74SoOXyVYWzGU6NwBATyHhmfa356ADGRowiLk/9gnC+ow1w5DXJMABQld1bsU0eE7kTd/qQo=
jfSqn6KULfbOsyKRUtHQRQ5T7KRNKEnoushszh/hEO/h4AB4oaVUcxbTUlseBITQ+DZKQF98z386hJ/KA5jbNNV9tfGbMLkVK6U/e6kO
odvE/bsuQXiouHT8oQdFN1TS+81YABbM0HJAt8Jqfx9MVTmW1Mrxaxi53pWWGV7a+ArAYL4Sb1KjlRKie6gjpsfOzUuhg4s+tR8jozt5qRA=
lvuHvfMgveixgfNj63D/kWVI0b7LFtsv1g6ODbsytelaErqigLg+vqMqQYS9yP3H8znmnifFP1NPZXUZBmfcs+/f/D+WNX6pCQ==
R7CKVLpQRjdhjwquC/4GwB7Wi7tjAyCLumbjNDlPMCK4Fb0+o9lMflz6tnR4fuXm99xbpGt3ZbVgBpFp2TOpycPBQKuKgzmzGiegOXipDw==
ACuaiebe6RTz1m7S/j31GwUuzJFjDD3OF16f75LG0r0XalGJ/qoWMvwwuj4nor0UEXBZJ5fhSi77jfsTi60p6Wq/+JMLpxAvqj16qQ0=
z8GhlSa3lmIWFIs1eaWhimIZxrMKXRVugrO/Q7QBiTq8LlHXgM1OGR6d3kZAnjAMFrYPrvshwu6z7GN6vxr9Z0nnqwKt6zOvM32pDA==
qkGJL9adxSDtTGw3q4Z+TcISFm8adnpdb5oJScb6zlIUILI+L7LV9EmgYWdPkbJOUz1zkwNdQUnSDyDT8/fID4ItcqkF
el4zxAqAYq3Thp0XqJhTXScziATcsfy14eDQY1E31oqTlEAPOuvCCKCgv1OUcUmK3L7RR2B9Duk+jd5WYG5wvPYmjz6bkQKek/xjap9qPdcpdyuSTVtzXxNtqRw=
/eLSsQLYVaOwjwwmagn5+KLoigu+sFlxtipBFBEocc7NkpJoYd+wwPt54bUQi39i/xo/E6ymBvnB/sU5dsBDE/zFYgSWItXjaNwFJ33sqfcBDWgoQiJhXI2Gmc7MWMvplGAzpJ41M2BLeSkgKol/kZOb95qdYWCh02D340qYp1bDhGOopWENbXvsAUlb+YenqdI=
67tKUhGkNNy5In8gCoq0piYziATcsfy14eDQY1E31oqTlEAPOuvCCKCgv1OUcUmK3L7RR2B9Duk+jd5WYG5wvPYmjz6bkQKek/xjap9qPdcpdyuSTVtzXxNtqRw=
KbT/1JGn/Aj4TVZl27nryw6O30+faYAXgTiwMGHtpCs260JTHgyU6NhuugifNH+nWnwPQoMQS0w1JQU52/jJzQudL3OpBg==
MMI3fwJOv0Z08MThiejO8g2O30+faYAXgTiwMGHtpCs260JTHgyU6NhuugifNH+nWnwPQoMQS0w1JQU52/jJzQudL3OpBg==
fGapEVpwAQscwLDAp1xAQQ6C0F6faYAXgTiwMGHtpCs260JTHgyU6NhuugifNH+nWnwPQoMQS0w1JQU52/jJzQudL3OpBg==
YVOpEa19LYSXrt8oPecvbVw04t5xYL74Zo90anRlYYYHOSjm4Go6/Pz+YW57TOc8jxfBDTz23aEdc22BD/EcU+6jHavmN6wxfKkL
JMOQq3qpC8ief5ceySy6TzQk9usoBCRLwre/Q7QBiTq8LlHXgM1OGR6d3kZAnjAMFrYPrvshwu6z7GN6vxr9Z0nnqwKt6zOvM32pDA==
bFq48DOTGB9Rp+B5nW5siDYk9usoBCRLwre/Q7QBiTq8LlHXgM1OGR6d3kZAnjAMFrYPrvshwu6z7GN6vxr9Z0nnqwKt6zOvM32pDA==
42oDnEvV0qVbJdNadv7v/jUk9usoBCRLwre/Q7QBiTq8LlHXgM1OGR6d3kZAnjAMFrYPrvshwu6z7GN6vxr9Z0nnqwKt6zOvM32pDA==
du0DBf88k0A91dTC9MgOll+TMDC2jLMgWxCD2qxeTEr10Qqkms9IshB1ZY7rGQQupNqehGB+/Zbf/CN0ozetBTjmOfkhsxFZq2GY20JDcWMiR0gJYKkX
tvQbO/8r5EZKGkLR2W8CK1yTMDC2jLMgWxCD2qxeTEr10Qqkms9IshB1ZY7rGQQupNqehGB+/Zbf/CN0ozetBTjmOfkhsxFZq2GY20JDcWMiR0gJYKkX
lfNcK2zsqOzJoDbGZnbst50/gXBQiXg3oqQ8CjerybjhfkYOBo63mdhw8O+ipgJ9Z4rhCW4KRvLMUKo+N0KNVMHQyacngbpuq23LE3uNeSnaHwgTm0dAb1odaqkd
R98+aGx+JSz+6oyjKjCiUZ4/gXBQiXg3oqQ8CjerybjhfkYOBo63mdhw8O+ipgJ9Z4rhCW4KRvLMUKo+N0KNVMHQyacngbpuq23LE3uNeSnaHwgTm0dAb1odaqkd
tK7iml8dV9E3xw2CWY4N1ic+iBnDo+vKv+TadnYK/Ly4iUY/dPzVDa6nv1OUcUmK3L7RR2B9Duk+jd5WYG5wvPYmjz6bkQKek/xjap9qPdcpdyuSTVtzXxNtqRw=
eeLnQv1//ca+5MPhvhh4qiQ+iBnDo+vKv+TadnYK/Ly4iUY/dPzVDa6nv1OUcUmK3L7RR2B9Duk+jd5WYG5wvPYmjz6bkQKek/xjap9qPdcpdyuSTVtzXxNtqRw=
HKSN8vBgxCwOfrO6DrTq8jMk9uooBCRLwre/Q7QBiTq8LlHXgM1OGR6d3kZAnjAMFrYPrvshwu6z7GN6vxr9Z0nnqwKt6zOvM32pDA==
IcEWEUJLO8YbEGFGAA5vhy8ziATcsfy14eDQY1E31oqTlEAPOuvCCKCgv1OUcUmK3L7RR2B9Duk+jd5WYG5wvPYmjz6bkQKek/xjap9qPdcpdyuSTVtzXxNtqRw=
qXtMrMqrE1okFFgTio+EnDIk9uooBCRLwre/Q7QBiTq8LlHXgM1OGR6d3kZAnjAMFrYPrvshwu6z7GN6vxr9Z0nnqwKt6zOvM32pDA==
zc5l9i6sMMKsJtvXXBkIEjUk9uooBCRLwre/Q7QBiTq8LlHXgM1OGR6d3kZAnjAMFrYPrvshwu6z7GN6vxr9Z0nnqwKt6zOvM32pDA==
QhkdpbOAfl2eNfo1OWEQ2jQk9uooBCRLwre/Q7QBiTq8LlHXgM1OGR6d3kZAnjAMFrYPrvshwu6z7GN6vxr9Z0nnqwKt6zOvM32pDA==
aohsperrFse6KKqlnqwugDYk9uooBCRLwre/Q7QBiTq8LlHXgM1OGR6d3kZAnjAMFrYPrvshwu6z7GN6vxr9Z0nnqwKt6zOvM32pDA==
pxf/llgoBtSU5HyEBtBOWCc+iBnDo+vKvuTadnYK/Ly4iUY/dPzVDa6nv1OUcUmK3L7RR2B9Duk+jd5WYG5wvPYmjz6bkQKek/xjap9qPdcpdyuSTVtzXxNtqRw=
uIhXT6g+0fKEn6u9CKzOpSQ+iBnDo+vKvuTadnYK/Ly4iUY/dPzVDa6nv1OUcUmK3L7RR2B9Duk+jd5WYG5wvPYmjz6bkQKek/xjap9qPdcpdyuSTVtzXxNtqRw=
sTohMMcPR1LkOGgN2h+XYXmqbsUe4N8C4Kh6K6WQoBd+Gl3ByZikVEomt9oVT8AC6NUNXjNZPN6MuoaUaH71hsccCwSb9/VV0EZBSakzmakTATALGgOJU0pnUBloqR8=
RwsvsQx7+ZqT0pwvgBf7ljYk9ukoBCRLwre/Q7QBiTq8LlHXgM1OGR6d3kZAnjAMFrYPrvshwu6z7GN6vxr9Z0nnqwKt6zOvM32pDA==
26UxsJVeLUK6qBVxYRGL6TUk9ukoBCRLwre/Q7QBiTq8LlHXgM1OGR6d3kZAnjAMFrYPrvshwu6z7GN6vxr9Z0nnqwKt6zOvM32pDA==
s2hzNSYulKCqzfBIkY9T+jIk9ukoBCRLwre/Q7QBiTq8LlHXgM1OGR6d3kZAnjAMFrYPrvshwu6z7GN6vxr9Z0nnqwKt6zOvM32pDA==
FR+AtLtazwpu2qJLv/oJRTQk9ukoBCRLwre/Q7QBiTq8LlHXgM1OGR6d3kZAnjAMFrYPrvshwu6z7GN6vxr9Z0nnqwKt6zOvM32pDA==
vJounINvfN+sgD0UKazrXjMk9ukoBCRLwre/Q7QBiTq8LlHXgM1OGR6d3kZAnjAMFrYPrvshwu6z7GN6vxr9Z0nnqwKt6zOvM32pDA==
tJBiOpOvxrVuIob8TBhaGyc+iBnDo+vKveTadnYK/Ly4iUY/dPzVDa6nv1OUcUmK3L7RR2B9Duk+jd5WYG5wvPYmjz6bkQKek/xjap9qPdcpdyuSTVtzXxNtqRw=
HST+tcWsL20rBJ0kW8lL6yQ+iBnDo+vKveTadnYK/Ly4iUY/dPzVDa6nv1OUcUmK3L7RR2B9Duk+jd5WYG5wvPYmjz6bkQKek/xjap9qPdcpdyuSTVtzXxNtqRw=
VJH7XuLTHc2joTg7mZL37HmqbsAe4N8C4Kh6K6WQoBd+Gl3ByZikVEomt9oVT8AC6NUNXjNZPN6MuoaUaH71hsccCwSb9/VV0EZBSakzmakTATALGgOJU0pnUBloqR8=
4iGZBe7HV9TDY+Jw2fC+5wckzJRtEj3OHVWS75LG0r0XalGJ/qoWMvwwuj4nor0UEXBZJ5fhSi77jfsTi60p6Wq/+JMLpxAvqj16qQ0=
gVK4cFGIZHJNPSVb+h2pZRZq663UHMAv1g6ODbsytelaErqigLg+vqMqQYS9yP3H8znmnifFP1NPZXUZBmfcs+/f/D+WNX6pCQ==
RFXeXCMkbW7hR0lKiJZIghdq663UHMAv1g6ODbsytelaErqigLg+vqMqQYS9yP3H8znmnifFP1NPZXUZBmfcs+/f/D+WNX6pCQ==
Dvqv/yhq10zkScmHGh1CohRq663UHMAv1g6ODbsytelaErqigLg+vqMqQYS9yP3H8znmnifFP1NPZXUZBmfcs+/f/D+WNX6pCQ==
bC0Wadt0DclhMZzTRf4a6h8Dy9xhWL/8c490anRlYYYHOSjm4Go6/Pz+YW57TOc8jxfBDTz23aEdc22BD/EcU+6jHavmN6wxfKkL
VhoS7ZertHGq4Z/UwqFm2xwDy9xhWL/8c490anRlYYYHOSjm4Go6/Pz+YW57TOc8jxfBDTz23aEdc22BD/EcU+6jHavmN6wxfKkL
BeoyN0jxFunWIsORoYin8h8Cy9xhWL/8c490anRlYYYHOSjm4Go6/Pz+YW57TOc8jxfBDTz23aEdc22BD/EcU+6jHavmN6wxfKkL
O7xU7Vy28NN4p5opZ4Yv1xwCy9xhWL/8c490anRlYYYHOSjm4Go6/Pz+YW57TOc8jxfBDTz23aEdc22BD/EcU+6jHavmN6wxfKkL
n6spU5DZTaLyAHtCOCOD8vHu1Ht14tzUaEEG96SUdeU+Lz/bBJnp4gx2kY+wFS4BLoXeXnCGUNQm7s/2S/midgN04+IPgp2/+b9rWp0zU7cDZakU
4VsRPlOi2hSQXkSGW5JzAlDd7tNKISDhgnJUsM5nfx9MVTmW1Mrxaxi53pWWGV7a+ArAYL4Sb1KjlRKie6gjpsfOzUuhg4s+tR8jozt5qRA=
eKv14bvd6iFspAtHav6sMnwDiatfsRsLXyVYWzGU6NwBATyHhmfa356ADGRowiLk/9gnC+ow1w5DXJMABQld1bsU0eE7kTd/qQo=
ofdp5iyQljuKsJRWndb61Rzci6VrPS+8q23xJzdPMCK4Fb0+o9lMflz6tnR4fuXm99xbpGt3ZbVgBpFp2TOpycPBQKuKgzmzGiegOXipDw==
kRPIZRFgg+eyNTacsnFu3QNc8q5pFn3EusZgxx/hEO/h4AB4oaVUcxbTUlseBITQ+DZKQF98z386hJ/KA5jbNNV9tfGbMLkVK6U/e6kO
JwZj37ed1+/Ml80PsrHh0Cibhr4OO8vynQ06HnyAvK9unmZtY4L9KRLCgoJoyCa+u9oppIWYNYc7ib5+T1WH07f13blel5RzJ48EX74FZqkR
mgaBMDUnDeMXH+v8qx57pjaSk7wEG/3HsQA1FW+bqa9unmZtY4L9KRLCgoJoyCa+u9oppIWYNYc7ib5+T1WH07f13blel5RzJ48EX74FZqkR
3yiU8A0c8rabYpJ8XfzSxATQi7x9Ii+kvWjzNDdPMCK4Fb0+o9lMflz6tnR4fuXm99xbpGt3ZbVgBpFp2TOpycPBQKuKgzmzGiegOXipDw==
pYbWEjiyRuAGeuARiAEPcx7Wi6BlIy+kvWjzNDdPMCK4Fb0+o9lMflz6tnR4fuXm99xbpGt3ZbVgBpFp2TOpycPBQKuKgzmzGiegOXipDw==
iyknw8B4ypWH9J6zpyGzKCgylqx74SoOXyVYWzGU6NwBATyHhmfa356ADGRowiLk/9gnC+ow1w5DXJMABQld1bsU0eE7kTd/qQo=
jfSqn6KULfbOsyKRUtHQRQ5T7KRNKEnoushszh/hEO/h4AB4oaVUcxbTUlseBITQ+DZKQF98z386hJ/KA5jbNNV9tfGbMLkVK6U/e6kO
odvE/bsuQXiouHT8oQdFN1TS+81YABbM0HJAt8Jqfx9MVTmW1Mrxaxi53pWWGV7a+ArAYL4Sb1KjlRKie6gjpsfOzUuhg4s+tR8jozt5qRA=
lvuHvfMgveixgfNj63D/kWVI0b7LFtsv1g6ODbsytelaErqigLg+vqMqQYS9yP3H8znmnifFP1NPZXUZBmfcs+/f/D+WNX6pCQ==
R7CKVLpQRjdhjwquC/4GwB7Wi7tjAyCLumbjNDlPMCK4Fb0+o9lMflz6tnR4fuXm99xbpGt3ZbVgBpFp2TOpycPBQKuKgzmzGiegOXipDw==
ACuaiebe6RTz1m7S/j31GwUuzJFjDD3OF16f75LG0r0XalGJ/qoWMvwwuj4nor0UEXBZJ5fhSi77jfsTi60p6Wq/+JMLpxAvqj16qQ0=
z8GhlSa3lmIWFIs1eaWhimIZxrMKXRVugrO/Q7QBiTq8LlHXgM1OGR6d3kZAnjAMFrYPrvshwu6z7GN6vxr9Z0nnqwKt6zOvM32pDA==
qkGJL9adxSDtTGw3q4Z+TcISFm8adnpdb5oJScb6zlIUILI+L7LV9EmgYWdPkbJOUz1zkwNdQUnSDyDT8/fID4ItcqkF
el4zxAqAYq3Thp0XqJhTXScziATcsfy14eDQY1E31oqTlEAPOuvCCKCgv1OUcUmK3L7RR2B9Duk+jd5WYG5wvPYmjz6bkQKek/xjap9qPdcpdyuSTVtzXxNtqRw=
/E/RXncEiTz6OapQxS3Chx9JM2NzAogbV8IzR7OrqKlTK3s9RSwxLZxyPTM2l+QkYJVHn30ROlC1NPTZwcM4cts5BuwyfD36Qfc+gPNTViknYzJBSiZhntGz8fXZPy8o41GcJPfNPRK2sd3D9p+xXiLVdDM8mfMhspJsix+xIo5DnQOTs71RiUJvcFMDF3hP8o2iqdU=
67tKUhGkNNy5In8gCoq0piYziATcsfy14eDQY1E31oqTlEAPOuvCCKCgv1OUcUmK3L7RR2B9Duk+jd5WYG5wvPYmjz6bkQKek/xjap9qPdcpdyuSTVtzXxNtqRw=
KbT/1JGn/Aj4TVZl27nryw6O30+faYAXgTiwMGHtpCs260JTHgyU6NhuugifNH+nWnwPQoMQS0w1JQU52/jJzQudL3OpBg==
MMI3fwJOv0Z08MThiejO8g2O30+faYAXgTiwMGHtpCs260JTHgyU6NhuugifNH+nWnwPQoMQS0w1JQU52/jJzQudL3OpBg==
fGapEVpwAQscwLDAp1xAQQ6C0F6faYAXgTiwMGHtpCs260JTHgyU6NhuugifNH+nWnwPQoMQS0w1JQU52/jJzQudL3OpBg==
YVOpEa19LYSXrt8oPecvbVw04t5xYL74Zo90anRlYYYHOSjm4Go6/Pz+YW57TOc8jxfBDTz23aEdc22BD/EcU+6jHavmN6wxfKkL
JMOQq3qpC8ief5ceySy6TzQk9usoBCRLwre/Q7QBiTq8LlHXgM1OGR6d3kZAnjAMFrYPrvshwu6z7GN6vxr9Z0nnqwKt6zOvM32pDA==
bFq48DOTGB9Rp+B5nW5siDYk9usoBCRLwre/Q7QBiTq8LlHXgM1OGR6d3kZAnjAMFrYPrvshwu6z7GN6vxr9Z0nnqwKt6zOvM32pDA==
42oDnEvV0qVbJdNadv7v/jUk9usoBCRLwre/Q7QBiTq8LlHXgM1OGR6d3kZAnjAMFrYPrvshwu6z7GN6vxr9Z0nnqwKt6zOvM32pDA==
du0DBf88k0A91dTC9MgOll+TMDC2jLMgWxCD2qxeTEr10Qqkms9IshB1ZY7rGQQupNqehGB+/Zbf/CN0ozetBTjmOfkhsxFZq2GY20JDcWMiR0gJYKkX
tvQbO/8r5EZKGkLR2W8CK1yTMDC2jLMgWxCD2qxeTEr10Qqkms9IshB1ZY7rGQQupNqehGB+/Zbf/CN0ozetBTjmOfkhsxFZq2GY20JDcWMiR0gJYKkX
lfNcK2zsqOzJoDbGZnbst50/gXBQiXg3oqQ8CjerybjhfkYOBo63mdhw8O+ipgJ9Z4rhCW4KRvLMUKo+N0KNVMHQyacngbpuq23LE3uNeSnaHwgTm0dAb1odaqkd
R98+aGx+JSz+6oyjKjCiUZ4/gXBQiXg3oqQ8CjerybjhfkYOBo63mdhw8O+ipgJ9Z4rhCW4KRvLMUKo+N0KNVMHQyacngbpuq23LE3uNeSnaHwgTm0dAb1odaqkd
tK7iml8dV9E3xw2CWY4N1ic+iBnDo+vKv+TadnYK/Ly4iUY/dPzVDa6nv1OUcUmK3L7RR2B9Duk+jd5WYG5wvPYmjz6bkQKek/xjap9qPdcpdyuSTVtzXxNtqRw=
eeLnQv1//ca+5MPhvhh4qiQ+iBnDo+vKv+TadnYK/Ly4iUY/dPzVDa6nv1OUcUmK3L7RR2B9Duk+jd5WYG5wvPYmjz6bkQKek/xjap9qPdcpdyuSTVtzXxNtqRw=
HKSN8vBgxCwOfrO6DrTq8jMk9uooBCRLwre/Q7QBiTq8LlHXgM1OGR6d3kZAnjAMFrYPrvshwu6z7GN6vxr9Z0nnqwKt6zOvM32pDA==
IcEWEUJLO8YbEGFGAA5vhy8ziATcsfy14eDQY1E31oqTlEAPOuvCCKCgv1OUcUmK3L7RR2B9Duk+jd5WYG5wvPYmjz6bkQKek/xjap9qPdcpdyuSTVtzXxNtqRw=
qXtMrMqrE1okFFgTio+EnDIk9uooBCRLwre/Q7QBiTq8LlHXgM1OGR6d3kZAnjAMFrYPrvshwu6z7GN6vxr9Z0nnqwKt6zOvM32pDA==
zc5l9i6sMMKsJtvXXBkIEjUk9uooBCRLwre/Q7QBiTq8LlHXgM1OGR6d3kZAnjAMFrYPrvshwu6z7GN6vxr9Z0nnqwKt6zOvM32pDA==
QhkdpbOAfl2eNfo1OWEQ2jQk9uooBCRLwre/Q7QBiTq8LlHXgM1OGR6d3kZAnjAMFrYPrvshwu6z7GN6vxr9Z0nnqwKt6zOvM32pDA==
aohsperrFse6KKqlnqwugDYk9uooBCRLwre/Q7QBiTq8LlHXgM1OGR6d3kZAnjAMFrYPrvshwu6z7GN6vxr9Z0nnqwKt6zOvM32pDA==
pxf/llgoBtSU5HyEBtBOWCc+iBnDo+vKvuTadnYK/Ly4iUY/dPzVDa6nv1OUcUmK3L7RR2B9Duk+jd5WYG5wvPYmjz6bkQKek/xjap9qPdcpdyuSTVtzXxNtqRw=
uIhXT6g+0fKEn6u9CKzOpSQ+iBnDo+vKvuTadnYK/Ly4iUY/dPzVDa6nv1OUcUmK3L7RR2B9Duk+jd5WYG5wvPYmjz6bkQKek/xjap9qPdcpdyuSTVtzXxNtqRw=
sTohMMcPR1LkOGgN2h+XYXmqbsUe4N8C4Kh6K6WQoBd+Gl3ByZikVEomt9oVT8AC6NUNXjNZPN6MuoaUaH71hsccCwSb9/VV0EZBSakzmakTATALGgOJU0pnUBloqR8=
RwsvsQx7+ZqT0pwvgBf7ljYk9ukoBCRLwre/Q7QBiTq8LlHXgM1OGR6d3kZAnjAMFrYPrvshwu6z7GN6vxr9Z0nnqwKt6zOvM32pDA==
26UxsJVeLUK6qBVxYRGL6TUk9ukoBCRLwre/Q7QBiTq8LlHXgM1OGR6d3kZAnjAMFrYPrvshwu6z7GN6vxr9Z0nnqwKt6zOvM32pDA==
s2hzNSYulKCqzfBIkY9T+jIk9ukoBCRLwre/Q7QBiTq8LlHXgM1OGR6d3kZAnjAMFrYPrvshwu6z7GN6vxr9Z0nnqwKt6zOvM32pDA==
FR+AtLtazwpu2qJLv/oJRTQk9ukoBCRLwre/Q7QBiTq8LlHXgM1OGR6d3kZAnjAMFrYPrvshwu6z7GN6vxr9Z0nnqwKt6zOvM32pDA==
vJounINvfN+sgD0UKazrXjMk9ukoBCRLwre/Q7QBiTq8LlHXgM1OGR6d3kZAnjAMFrYPrvshwu6z7GN6vxr9Z0nnqwKt6zOvM32pDA==
tJBiOpOvxrVuIob8TBhaGyc+iBnDo+vKveTadnYK/Ly4iUY/dPzVDa6nv1OUcUmK3L7RR2B9Duk+jd5WYG5wvPYmjz6bkQKek/xjap9qPdcpdyuSTVtzXxNtqRw=
HST+tcWsL20rBJ0kW8lL6yQ+iBnDo+vKveTadnYK/Ly4iUY/dPzVDa6nv1OUcUmK3L7RR2B9Duk+jd5WYG5wvPYmjz6bkQKek/xjap9qPdcpdyuSTVtzXxNtqRw=
VJH7XuLTHc2joTg7mZL37HmqbsAe4N8C4Kh6K6WQoBd+Gl3ByZikVEomt9oVT8AC6NUNXjNZPN6MuoaUaH71hsccCwSb9/VV0EZBSakzmakTATALGgOJU0pnUBloqR8=
4iGZBe7HV9TDY+Jw2fC+5wckzJRtEj3OHVWS75LG0r0XalGJ/qoWMvwwuj4nor0UEXBZJ5fhSi77jfsTi60p6Wq/+JMLpxAvqj16qQ0=
gVK4cFGIZHJNPSVb+h2pZRZq663UHMAv1g6ODbsytelaErqigLg+vqMqQYS9yP3H8znmnifFP1NPZXUZBmfcs+/f/D+WNX6pCQ==
RFXeXCMkbW7hR0lKiJZIghdq663UHMAv1g6ODbsytelaErqigLg+vqMqQYS9yP3H8znmnifFP1NPZXUZBmfcs+/f/D+WNX6pCQ==
Dvqv/yhq10zkScmHGh1CohRq663UHMAv1g6ODbsytelaErqigLg+vqMqQYS9yP3H8znmnifFP1NPZXUZBmfcs+/f/D+WNX6pCQ==
bC0Wadt0DclhMZzTRf4a6h8Dy9xhWL/8c490anRlYYYHOSjm4Go6/Pz+YW57TOc8jxfBDTz23aEdc22BD/EcU+6jHavmN6wxfKkL
VhoS7ZertHGq4Z/UwqFm2xwDy9xhWL/8c490anRlYYYHOSjm4Go6/Pz+YW57TOc8jxfBDTz23aEdc22BD/EcU+6jHavmN6wxfKkL
BeoyN0jxFunWIsORoYin8h8Cy9xhWL/8c490anRlYYYHOSjm4Go6/Pz+YW57TOc8jxfBDTz23aEdc22BD/EcU+6jHavmN6wxfKkL
O7xU7Vy28NN4p5opZ4Yv1xwCy9xhWL/8c490anRlYYYHOSjm4Go6/Pz+YW57TOc8jxfBDTz23aEdc22BD/EcU+6jHavmN6wxfKkL
n6spU5DZTaLyAHtCOCOD8vHu1Ht14tzUaEEG96SUdeU+Lz/bBJnp4gx2kY+wFS4BLoXeXnCGUNQm7s/2S/midgN04+IPgp2/+b9rWp0zU7cDZakU
4VsRPlOi2hSQXkSGW5JzAlDd7tNKISDhgnJUsM5nfx9MVTmW1Mrxaxi53pWWGV7a+ArAYL4Sb1KjlRKie6gjpsfOzUuhg4s+tR8jozt5qRA=
eKv14bvd6iFspAtHav6sMnwDiatfsRsLXyVYWzGU6NwBATyHhmfa356ADGRowiLk/9gnC+ow1w5DXJMABQld1bsU0eE7kTd/qQo=
ofdp5iyQljuKsJRWndb61Rzci6VrPS+8q23xJzdPMCK4Fb0+o9lMflz6tnR4fuXm99xbpGt3ZbVgBpFp2TOpycPBQKuKgzmzGiegOXipDw==
kRPIZRFgg+eyNTacsnFu3QNc8q5pFn3EusZgxx/hEO/h4AB4oaVUcxbTUlseBITQ+DZKQF98z386hJ/KA5jbNNV9tfGbMLkVK6U/e6kO
JwZj37ed1+/Ml80PsrHh0Cibhr4OO8vynQ06HnyAvK9unmZtY4L9KRLCgoJoyCa+u9oppIWYNYc7ib5+T1WH07f13blel5RzJ48EX74FZqkR
mgaBMDUnDeMXH+v8qx57pjaSk7wEG/3HsQA1FW+bqa9unmZtY4L9KRLCgoJoyCa+u9oppIWYNYc7ib5+T1WH07f13blel5RzJ48EX74FZqkR
3yiU8A0c8rabYpJ8XfzSxATQi7x9Ii+kvWjzNDdPMCK4Fb0+o9lMflz6tnR4fuXm99xbpGt3ZbVgBpFp2TOpycPBQKuKgzmzGiegOXipDw==
pYbWEjiyRuAGeuARiAEPcx7Wi6BlIy+kvWjzNDdPMCK4Fb0+o9lMflz6tnR4fuXm99xbpGt3ZbVgBpFp2TOpycPBQKuKgzmzGiegOXipDw==
iyknw8B4ypWH9J6zpyGzKCgylqx74SoOXyVYWzGU6NwBATyHhmfa356ADGRowiLk/9gnC+ow1w5DXJMABQld1bsU0eE7kTd/qQo=
jfSqn6KULfbOsyKRUtHQRQ5T7KRNKEnoushszh/hEO/h4AB4oaVUcxbTUlseBITQ+DZKQF98z386hJ/KA5jbNNV9tfGbMLkVK6U/e6kO
odvE/bsuQXiouHT8oQdFN1TS+81YABbM0HJAt8Jqfx9MVTmW1Mrxaxi53pWWGV7a+ArAYL4Sb1KjlRKie6gjpsfOzUuhg4s+tR8jozt5qRA=
lvuHvfMgveixgfNj63D/kWVI0b7LFtsv1g6ODbsytelaErqigLg+vqMqQYS9yP3H8znmnifFP1NPZXUZBmfcs+/f/D+WNX6pCQ==
R7CKVLpQRjdhjwquC/4GwB7Wi7tjAyCLumbjNDlPMCK4Fb0+o9lMflz6tnR4fuXm99xbpGt3ZbVgBpFp2TOpycPBQKuKgzmzGiegOXipDw==
ACuaiebe6RTz1m7S/j31GwUuzJFjDD3OF16f75LG0r0XalGJ/qoWMvwwuj4nor0UEXBZJ5fhSi77jfsTi60p6Wq/+JMLpxAvqj16qQ0=
z8GhlSa3lmIWFIs1eaWhimIZxrMKXRVugrO/Q7QBiTq8LlHXgM1OGR6d3kZAnjAMFrYPrvshwu6z7GN6vxr9Z0nnqwKt6zOvM32pDA==
qkGJL9adxSDtTGw3q4Z+TcISFm8adnpdb5oJScb6zlIUILI+L7LV9EmgYWdPkbJOUz1zkwNdQUnSDyDT8/fID4ItcqkF
el4zxAqAYq3Thp0XqJhTXScziATcsfy14eDQY1E31oqTlEAPOuvCCKCgv1OUcUmK3L7RR2B9Duk+jd5WYG5wvPYmjz6bkQKek/xjap9qPdcpdyuSTVtzXxNtqRw=
XNd7DR0p/8YR4pqg9nGXSHd+YbhlVyh4QU7tCwYrHT3+mUFxB1M3/YmUZX0omuGTSj9w1NQNyx/xiY4gIZwIeZ2rjKIPgUqs/oTpqjXf4mDPO0IZ03s+QUY+la7F280VBRdbeDepUGS7denCAtmBYwo3JS6WTfizsAFH0SY6ECvDWZbeFyXPU//FBVm2RywzP/9sf4aVrqnZ
2KDTxg5XQMII0H++QyALpmUbkxFr0dhniNn1nJ/jv30BZP3dQMpZU5IPGLTsHcMf+Zm2wMmsUDkle2QCl/HCLHY0ccqdDxqgl0tqOStrNkFOLm2O7auV1f3H8xivGdjkMwVxYuoJOSNSB83Orl3ws7gRf7FOCsjrewn+fo/VR9J3dZ25HhdUc+cPRF/+haap0Q==
80PoGSLpH8OpyMaA9PbBsenvjQCmiRxL5jFWBBcocc7NkpJoYd+wwPt54bUQi39i/xo/E6ymBvnB/sU5dsBDE/zFYgSWItXjaNwFJ33sqfcBDWgoQiJhXI2Gmc7MWMvplGAzpJ41M2BLeSkgKol/kZOb95qdYWCh02D340qYp1bChGOopWENbXvsAUlb+YenqdI=
IRt7MdksgLA//V73a3ZkJFar06Hu5oRxndCmvsFPIhK0m7CNkNNegb5r2KRbnQkBgP/35n+et2c8Eu4dYZqtjaY0i1e8garwRha9h0g47RNtmKHzAQlgXFIWibit4vH6HKwDrdQk+1BOgVsE653BlLr99xUTH3/uDdWIRXMEn1eabG8SgsCrXHVVZQlbCOl9S42Po6nW
JSTiP+MDdiiHypc91U0mqDOROEchbXIT030KNAlM2pWPKC5GHgCizBZKxkbP4wTjvuyaUQXfP9XAmO9ARgkzd2IaYd3kTFAYhxLbQ0wQQafMoV3nsMHIohsWS0dDZauLtcBZNf6EFSmHeuwFLxNE6+uW2BE2c35dCeno5l5b7YV45nl54bLR2WthWFsCQzHjYkeIiaCp1w==
nEcvdSIX1HLVzhlhY+ZD2vctNglVOD0TPI8UR9ypi1QRI7M1QvbE406zandPkbJOUz1zkgNdQUnSDyDT8/fID4ItcqkF
fxfNkLjDvkjDePftV35c7/ctNglVOD0TPIsWSdypi1QRI7M1QvbE406zandPkbJOUz1zkgNdQUnSDyDT8/fID4ItcqkF
nTGd/kBjBfltXzn+WC94juX9Hq/Nsaz9g3TBlanJ5g9A5+6b7fwtbj6ojQ1xNQWrCeFqGLfq5g4veCQvZfjcg8IoQ84lEUM6eRzQewsV2IZhieUeJXGBh/zW6oAdCl18XYC0CucPtEpHupY3L1Y7Yw3O8rsz11NRIyT1A9w3Q9pzbfIKS/Ci7td2baNRG0s25WdDi4uhqdg=
nEcvdSIX1HLVzhlhY+ZD2vctNglVOD0TPI8UR9ypi1QRI7M1QvbE406zandPkbJOUz1zkgNdQUnSDyDT8/fID4ItcqkF
zXLiT/4rlKvEIa23nJF/lSYziATcsfy14eDQY1E31oqTlEAPOuvCCKCgv1OUcUmK3L7RR2B9Duk+jd5WYG5wvPYmjz6bkQKek/xra59qPdcpdyuSTVtzXxNtqRw=
IH4+s+owCiaxRJWmgEroNQ6O30+faYAXgTiwMGHtpCs260JTHgyU6NhuugifNH+nWnwPQosRS0w1JQU52/jJzQudL3OpBg==
VRGdCnO2lXcscSe8mZUzLw2O30+faYAXgTiwMGHtpCs260JTHgyU6NhuugifNH+nWnwPQosRS0w1JQU52/jJzQudL3OpBg==
kb5rr/ArgUE6zmubr7N2fA6C0F6faYAXgTiwMGHtpCs260JTHgyU6NhuugifNH+nWnwPQosRS0w1JQU52/jJzQudL3OpBg==
8VBh7wTG1nJATwNvHvaOMlw04t5xYL74Zo90anRlYYYHOSjm4Go6/Pz+YW57TOc8jxfBDTz23aEde2yBD/EcU+6jHavmN6wxfKkL
6fDF6Ae5v2koB7kInh6yDDQk9usoBCRLwre/Q7QBiTq8LlHXgM1OGR6d3kZAnjAMFrYPrvshwu6z7Gt7vxr9Z0nnqwKt6zOvM32pDA==
9d83ipWYPWuIwVq7+8SYYTYk9usoBCRLwre/Q7QBiTq8LlHXgM1OGR6d3kZAnjAMFrYPrvshwu6z7Gt7vxr9Z0nnqwKt6zOvM32pDA==
yEL6XXvP+G7Zz4CZNrNxyjUk9usoBCRLwre/Q7QBiTq8LlHXgM1OGR6d3kZAnjAMFrYPrvshwu6z7Gt7vxr9Z0nnqwKt6zOvM32pDA==
DOidi27kjtyENDuDAP+k5l+TMDC2jLMgWxCD2qxeTEr10Qqkms9IshB1ZY7rGQQupNqehGB+/Zbf/CN0ozetBTjmOfkhuxBZq2GY20JDcWMiR0gJYKkX
K3eKauH5JMZT7qZXPFsoXFyTMDC2jLMgWxCD2qxeTEr10Qqkms9IshB1ZY7rGQQupNqehGB+/Zbf/CN0ozetBTjmOfkhuxBZq2GY20JDcWMiR0gJYKkX
lxtpvNd9tYQfZAbUNjPkqZ0/gXBQiXg3oqQ8CjerybjhfkYOBo63mdhw8O+ipgJ9Z4rhCW4KRvLMUKo+N0KNVMHQyacngbpuq23LG3qNeSnaHwgTm0dAb1odaqkd
l/XATL9HO/DYeKHjl46pK54/gXBQiXg3oqQ8CjerybjhfkYOBo63mdhw8O+ipgJ9Z4rhCW4KRvLMUKo+N0KNVMHQyacngbpuq23LG3qNeSnaHwgTm0dAb1odaqkd
fRgSr8kwTV/MfNLETXKF5yc+iBnDo+vKv+TadnYK/Ly4iUY/dPzVDa6nv1OUcUmK3L7RR2B9Duk+jd5WYG5wvPYmjz6bkQKek/xra59qPdcpdyuSTVtzXxNtqRw=
MMtlFt8s33t2Pvx3JluHiSQ+iBnDo+vKv+TadnYK/Ly4iUY/dPzVDa6nv1OUcUmK3L7RR2B9Duk+jd5WYG5wvPYmjz6bkQKek/xra59qPdcpdyuSTVtzXxNtqRw=
HpLIl7uOQk7ODz5s9IsXrTMk9uooBCRLwre/Q7QBiTq8LlHXgM1OGR6d3kZAnjAMFrYPrvshwu6z7Gt7vxr9Z0nnqwKt6zOvM32pDA==
vI9VK6Smal1JpnmqcMiQ3S8ziATcsfy14eDQY1E31oqTlEAPOuvCCKCgv1OUcUmK3L7RR2B9Duk+jd5WYG5wvPYmjz6bkQKek/xra59qPdcpdyuSTVtzXxNtqRw=
49Z9CoaLOE7BWfQPAnkNrTIk9uooBCRLwre/Q7QBiTq8LlHXgM1OGR6d3kZAnjAMFrYPrvshwu6z7Gt7vxr9Z0nnqwKt6zOvM32pDA==
yKx71a807gayS7+9aoB6wTUk9uooBCRLwre/Q7QBiTq8LlHXgM1OGR6d3kZAnjAMFrYPrvshwu6z7Gt7vxr9Z0nnqwKt6zOvM32pDA==
+36OTQSYIjLBtfFv8/AAEjQk9uooBCRLwre/Q7QBiTq8LlHXgM1OGR6d3kZAnjAMFrYPrvshwu6z7Gt7vxr9Z0nnqwKt6zOvM32pDA==
bhX2/mu+gEdfHvo10+6ZOjYk9uooBCRLwre/Q7QBiTq8LlHXgM1OGR6d3kZAnjAMFrYPrvshwu6z7Gt7vxr9Z0nnqwKt6zOvM32pDA==
mUP8AZfrJLtkJL4hs+oUQSc+iBnDo+vKvuTadnYK/Ly4iUY/dPzVDa6nv1OUcUmK3L7RR2B9Duk+jd5WYG5wvPYmjz6bkQKek/xra59qPdcpdyuSTVtzXxNtqRw=
i22PTHnAhK+qaBxJyNX0QCQ+iBnDo+vKvuTadnYK/Ly4iUY/dPzVDa6nv1OUcUmK3L7RR2B9Duk+jd5WYG5wvPYmjz6bkQKek/xra59qPdcpdyuSTVtzXxNtqRw=
MVjxMib9tLVApxqgcaz5AXmqbsUe4N8C4Kh6K6WQoBd+Gl3ByZikVEomt9oVT8AC6NUNXjNZPN6MuoaUaH71hsccCwSb9/VV0EZBSak7mKkTATALGgOJU0pnUBloqR8=
xSDtFK1BWo6mZDQQrLfHdTYk9ukoBCRLwre/Q7QBiTq8LlHXgM1OGR6d3kZAnjAMFrYPrvshwu6z7Gt7vxr9Z0nnqwKt6zOvM32pDA==
uoE2s8VaeEH9e5V7SNF3TjUk9ukoBCRLwre/Q7QBiTq8LlHXgM1OGR6d3kZAnjAMFrYPrvshwu6z7Gt7vxr9Z0nnqwKt6zOvM32pDA==
JdB13MDhaefozGZogzv8ZDIk9ukoBCRLwre/Q7QBiTq8LlHXgM1OGR6d3kZAnjAMFrYPrvshwu6z7Gt7vxr9Z0nnqwKt6zOvM32pDA==
T3o1dBgjDl9hQADNrVkmjjQk9ukoBCRLwre/Q7QBiTq8LlHXgM1OGR6d3kZAnjAMFrYPrvshwu6z7Gt7vxr9Z0nnqwKt6zOvM32pDA==
TE3onAUjVaaSXh7CuT8VfjMk9ukoBCRLwre/Q7QBiTq8LlHXgM1OGR6d3kZAnjAMFrYPrvshwu6z7Gt7vxr9Z0nnqwKt6zOvM32pDA==
XfjyGU72opS3lYCMrrHKrCc+iBnDo+vKveTadnYK/Ly4iUY/dPzVDa6nv1OUcUmK3L7RR2B9Duk+jd5WYG5wvPYmjz6bkQKek/xra59qPdcpdyuSTVtzXxNtqRw=
+OtKqH8fnbzx1gnhxvZzXCQ+iBnDo+vKveTadnYK/Ly4iUY/dPzVDa6nv1OUcUmK3L7RR2B9Duk+jd5WYG5wvPYmjz6bkQKek/xra59qPdcpdyuSTVtzXxNtqRw=
c7WDMgfg+gxIm2TN8/w1L3mqbsAe4N8C4Kh6K6WQoBd+Gl3ByZikVEomt9oVT8AC6NUNXjNZPN6MuoaUaH71hsccCwSb9/VV0EZBSak7mKkTATALGgOJU0pnUBloqR8=
zbG6clo8myIRA9wUJgn3SQckzJRtEj3OHVWS75LG0r0XalGJ/qoWMvwwuj4nor0UEXBZJ5fhSi77jfsbiq0p6Wq/+JMLpxAvqj16qQ0=
Oo9wZJyu1J+6NVjarsEI2hZq663UHMAv1g6ODbsytelaErqigLg+vqMqQYS9yP3H8znmnifFP1tOZXUZBmfcs+/f/D+WNX6pCQ==
JJV9LDEzXyjBRcpMhqDc7hdq663UHMAv1g6ODbsytelaErqigLg+vqMqQYS9yP3H8znmnifFP1tOZXUZBmfcs+/f/D+WNX6pCQ==
iT4ev7XI2NkeoKd/m0t1shRq663UHMAv1g6ODbsytelaErqigLg+vqMqQYS9yP3H8znmnifFP1tOZXUZBmfcs+/f/D+WNX6pCQ==
CFMQuhfW7r1WP+8JTn1W1R8Dy9xhWL/8c490anRlYYYHOSjm4Go6/Pz+YW57TOc8jxfBDTz23aEde2yBD/EcU+6jHavmN6wxfKkL
+y9SzcjOfgCmDbasgw0b5BwDy9xhWL/8c490anRlYYYHOSjm4Go6/Pz+YW57TOc8jxfBDTz23aEde2yBD/EcU+6jHavmN6wxfKkL
TPwGFOY5pVQ1g97/jXJR/R8Cy9xhWL/8c490anRlYYYHOSjm4Go6/Pz+YW57TOc8jxfBDTz23aEde2yBD/EcU+6jHavmN6wxfKkL
jlhB7uKUtDWz/U3mZztK4xwCy9xhWL/8c490anRlYYYHOSjm4Go6/Pz+YW57TOc8jxfBDTz23aEde2yBD/EcU+6jHavmN6wxfKkL
y8esO7ZYAQXDm7uVQho4GvHu1Ht14tzUaEEG96SUdeU+Lz/bBJnp4gx2kY+wFS4BLoXeXnCGUNQm7s/2S/midgN06+MPgp2/+b9rWp0zU7cDZakU
0c32llRYrNJD9tHI6huMd1Dd7tNKISDhgnJUsM5nfx9MVTmW1Mrxaxi53pWWGV7a+ArAYL4Sb1KjlRKie6grp8fOzUuhg4s+tR8jozt5qRA=
8IpJo+o6KqQM8t64PVAU+XwDiatfsRsLXyVYWzGU6NwBATyHhmfa356ADGRowiLk/9gnC+ow1w5LXZMABQld1bsU0eE7kTd/qQo=
YlzpZidNxYugKcIRlJsX3Bzci6VrPS+8q23xJzdPMCK4Fb0+o9lMflz6tnR4fuXm99xbpGt3ZbVgBpFp2TuoycPBQKuKgzmzGiegOXipDw==
zN1seojYbj/YfduNErlAUgNc8q5pFn3EusZgxx/hEO/h4AB4oaVUcxbTUlseBITQ+DZKQF98z386hJ/KC5nbNNV9tfGbMLkVK6U/e6kO
2mkIY1S85AQM+OA4xuuHfyibhr4OO8vynQ06HnyAvK9unmZtY4L9KRLCgoJoyCa+u9oppIWYNYc7ib5+T1WH27b13blel5RzJ48EX74FZqkR
g4Ug7CR5+OmtEaMypYm/SDaSk7wEG/3HsQA1FW+bqa9unmZtY4L9KRLCgoJoyCa+u9oppIWYNYc7ib5+T1WH27b13blel5RzJ48EX74FZqkR
HuWbT7arxajxAD1trxIclQTQi7x9Ii+kvWjzNDdPMCK4Fb0+o9lMflz6tnR4fuXm99xbpGt3ZbVgBpFp2TuoycPBQKuKgzmzGiegOXipDw==
K+HKXV5urKegfiLYHJ1gEh7Wi6BlIy+kvWjzNDdPMCK4Fb0+o9lMflz6tnR4fuXm99xbpGt3ZbVgBpFp2TuoycPBQKuKgzmzGiegOXipDw==
lrJZmQAoOg+3RMALguIX7Cgylqx74SoOXyVYWzGU6NwBATyHhmfa356ADGRowiLk/9gnC+ow1w5LXZMABQld1bsU0eE7kTd/qQo=
E4l1WmB70nLBAuf5Re9Y6g5T7KRNKEnoushszh/hEO/h4AB4oaVUcxbTUlseBITQ+DZKQF98z386hJ/KC5nbNNV9tfGbMLkVK6U/e6kO
hWut80uoTK9QhBPHLpSvFVTS+81YABbM0HJAt8Jqfx9MVTmW1Mrxaxi53pWWGV7a+ArAYL4Sb1KjlRKie6grp8fOzUuhg4s+tR8jozt5qRA=
L9Gbit6bXAXcGGN6Nr+wvmVI0b7LFtsv1g6ODbsytelaErqigLg+vqMqQYS9yP3H8znmnifFP1tOZXUZBmfcs+/f/D+WNX6pCQ==
uxE4hWno5w1WTq5UzNT6KR7Wi7tjAyCLumbjNDlPMCK4Fb0+o9lMflz6tnR4fuXm99xbpGt3ZbVgBpFp2TuoycPBQKuKgzmzGiegOXipDw==
cdxLMR813DnL6848ipGwNwUuzJFjDD3OF16f75LG0r0XalGJ/qoWMvwwuj4nor0UEXBZJ5fhSi77jfsbiq0p6Wq/+JMLpxAvqj16qQ0=
oCYUS6ihAI7dxJ5JKWwOamIZxrMKXRVugrO/Q7QBiTq8LlHXgM1OGR6d3kZAnjAMFrYPrvshwu6z7Gt7vxr9Z0nnqwKt6zOvM32pDA==
8kdcOb5WK/6apcMQNJWlVMISFm8adnpdb5oJScb6zlIUILI+L7LV9EmgYWdPkbJOUz1zmwJdQUnSDyDT8/fID4ItcqkF
SsWSUgkXtKmhHSfDwHpWdScziATcsfy14eDQY1E31oqTlEAPOuvCCKCgv1OUcUmK3L7RR2B9Duk+jd5WYG5wvPYmjz6bkQKek/xra59qPdcpdyuSTVtzXxNtqRw=
7sS+9/BTw9XNWx6a/Yegk/ctNglVOD0TPIsWSdypi1QRI7M1QvbE406zandPkbJOUz1zmwJdQUnSDyDT8/fID4ItcqkF
iSSjB9Y9/va7iGLizaw56eX9Hq/Nsaz9g3TBlanJ5g9A5+6b7fwtbj6ojQ1xNQWrCeFqGLfq5g4veCQvZfjcg8IoQ84lEUM6eRzQewsV2IZhieUeJXGBh/zW6oAdCl18XYC0CucPtEpHupY3L1Y7Yw3O8rsz11NRIyT1A9w3Q9pzbfIKS/Cr79d2baNRG0s25WdDi4uhqdg=
VAelNeMJvbzrzCZHp101WvctNglVOD0TPI8UR9ypi1QRI7M1QvbE406zandPkbJOUz1zmwJdQUnSDyDT8/fID4ItcqkF
hxaRP63nQQovXl/mht/BHuKi9bjfMSWlLEx5lxUEm88ha1Db1ozYsBCGkdLDq5pf2pYbMkBB81zIvE4d7smsfl4Rmf78rqvJoKy248GipjWga1u7viZ9hmw5AlAnYDd8nUTfwtH3V+HJP0CmK8lihqMk67Ovcl2Pme/rin0DE8ejtanE
RpxQrPBX3CwJ2Ucg5NWS3OKi9bjfMSSlLEx5lxUEm88ha1Db1ozYsBCGkdLDq5pf2pYbMkBB81zIvE4d7smsfl4Rmf38rqvJoKy248GipjWga1u7viZ9hmw5AlAnYDd8nUTfwtH3V+HJP0CmK8lihqMk67Ovcl2Pme/rin0DE8ejtanE
bV6vuli/pcuTBoMvTojgjuKi9bjfMSSlLEx5lxUEm88ha1Db1IzYsBCGkdLDq5pf2pYfMkBB81zIvE4d7smsfl4Rmf38rqvJoKy248GipjWga1u7viZ9hmw5AlAnYDd8nUTfwtH3V+HJP0CmK8lihqMk67Ovcl2Pme/rin0DE8ejtanE
u95dSQ0H9jRU/DA9pXBpH+Ki9bjfMSbgZhJ/lxMCu9MmT2KIhJmnsSrIpv+Zr+UAxdVNUTAyw2bIoV8b//6qbGh31ru0/avFuY2Mu96EsxSebj/VgxY5uiQINBwnYDd8nUTfwtH3V+HJP0CmK8lihqMk67Ovcl2Pme/rin0DE8ejtanE
4qcJ+nwqGppFGzZ5cCHE2OKi9bjfMSWlLEx5lxUEm88ha1Db14zYsBCGkdLDq5pf2pYZMkBB81zIvE4d7smsfl4Rmf78rqvJoKy248GipjWga1u7viZ9hmw5AlAnYDd8nUTfwtH3V+HJP0CmK8lihqMk67Ovcl2Pme/rin0DE8ejtanE
aHTmsiEReeX+Ycjyvy3yI+Ki9bjfMSSlLEx5lxUEm88ha1Db14zYsBCGkdLDq5pf2pYZMkBB81zIvE4d7smsfl4Rmf38rqvJoKy248GipjWga1u7viZ9hmw5AlAnYDd8nUTfwtH3V+HJP0CmK8lihqMk67Ovcl2Pme/rin0DE8ejtanE
oMNvG/DMHyXS8aWb1OVRzy3Eeh5jIDddpykINBJb3YKZfDpJMVTxwQd9jxy8nBmoksuGR3yyV42Z36lVRBh8Vy0Re5SADQ9p3B7AVgYreoHZv2OTosjDmicnbnJRQ53Qo8J1Gs6rOCifIfEONApL2aGD0xcxf3EXHrvm+2I47YV45nl54bvQ2WthWFsCQzHjYkeIiaCp1w==
DNbfSNtJMrmPkWxvRum81y3Eeh5jIDRdpykINBJb3YKZfDpJMVTxwQd9jxy8nBmoksuGR3yyV42Z36lVRBh8Vy0Re5SHDQ9p3B7AVgYreoHZv2OTosjDmicnbnJRQ53Qo8J1Gs6rOCifIfEONApL2aGD0xcxf3EXHrvm+2I47YV45nl54bvQ2WthWFsCQzHjYkeIiaCp1w==
iirqN9sqSXMgYfL+pVHwQy3Eeh5jIDddpykINBJb3YKZfDpJMVTywQd9jxy8nBmoksuGR3yyV42Z36lVRBh8Vy0Re5SADQ9p3B7AVgYreoHZv2OTosvDmicnbnJRQ53Qo8J1Gs6rOCifIfEONApL2aGD0xcxf3EXHrvm+2I47YV45nl54bvQ2WthWFsCQzHjYkeIiaCp1w==
lIOEey4k8WLUVmTZIX9z8y3Eeh5jIDRdpykINBJb3YKZfDpJMVTywQd9jxy8nBmoksuGR3yyV42Z36lVRBh8Vy0Re5SHDQ9p3B7AVgYreoHZv2OTosvDmicnbnJRQ53Qo8J1Gs6rOCifIfEONApL2aGD0xcxf3EXHrvm+2I47YV45nl54bvQ2WthWFsCQzHjYkeIiaCp1w==
sF9dtmkIjTEY98e4Zhd3xuKi9bjfMSWlLEx5lxUEm88ha1Db0YzYsRCGkdLDq5pf2pYVMkBB81zIvE4d7smsfl4Rmf78rqvJoKy24sGipjWga1u7viZ9hmw5AlAnYDd8nUTfwtH3V+HJP0CmK8lihqMk67Ovcl2Pme/rin0DE8ejtanE
OfHjQAOLx/Zt57ZWunLKnOKi9bjfMSzgZhJ/lxMCu9MmT2KIhJmnsirIpv+Zr+UBxdVNUTAyw2bIoV8b//6qbGh31ru0/KvFuY2Mu96EsxSebj/QgxY4uiQINBwnYDd8nUTfwtH3V+HJP0CmK8lihqMk67Ovcl2Pme/rin0DE8ejtanE
iw9WIcPJDN6GUhhPOJLAeeKi9bjfMSWlLEx5lxUEm88ha1Db0IzYsRCGkdLDq5pf2pYdMUBB81zIvE4d7smsfl4Rmf78rqvJoKy24sGipjWga1u7viZ9hmw5AlAnYDd8nUTfwtH3V+HJP0CmK8lihqMk67Ovcl2Pme/rin0DE8ejtanE
zgwGIORgp0G/Xp0P3+AHVuKi9bjfMSTjZhJ/lxMCu9MmT2KIhJmnsirIpv+Zr+UBxdVNUTAyw2bIoV8b//6qbGh31ru0/KvFuY2Mu96EsxSebj/RgxY4uiQINBwnYDd8nUTfwtH3V+HJP0CmK8lihqMk67Ovcl2Pme/rin0DE8ejtanE
1n5Q1IWbzHpqgmKu6+gJQuKi9bjfMSDgZhJ/lxMCu9MmT2KIhJmnsirIpv+Zr+UBxdVNUTAyw2bIoV8b//6qbGh31ru0/KvFuY2Mu96EsxSebj/WgxY4uiQINBwnYDd8nUTfwtH3V+HJP0CmK8lihqMk67Ovcl2Pme/rin0DE8ejtanE
gKucO4CfOej0tlDDHOkJCeKi9bjfMSDgZhJ/lxMCu9MmT2KIhJmnsSrIpv+Zr+UBxdVNUTAyw2bIoV8b//6qbGh31ru0/avFuY2Mu96EsxSebj/WgxY4uiQINBwnYDd8nUTfwtH3V+HJP0CmK8lihqMk67Ovcl2Pme/rin0DE8ejtanE
+Yrdjsd8Bm/scr92u86YqeKi9bjfMSSlLEx5lxUEm88ha1Db1ozYsRCGkdLDq5pf2pYbMkBB81zIvE4d7smsfl4Rmf38rqvJoKy24sGipjWga1u7viZ9hmw5AlAnYDd8nUTfwtH3V+HJP0CmK8lihqMk67Ovcl2Pme/rin0DE8ejtanE
51bEr02607pAfH3ms/Z9/eKi9bjfMSLgZhJ/lxMCu9MmT2KIhJmnsSrIpv+Zr+UBxdVNUTAyw2bIoV8b//6qbGh31ru0/avFuY2Mu96EsxSebj/XgxY4uiQINBwnYDd8nUTfwtH3V+HJP0CmK8lihqMk67Ovcl2Pme/rin0DE8ejtanE
h4dwYcW5Mc4q/nMmkuMRAeKi9bjfMSSlLEx5lxUEm88ha1Db1IzYsRCGkdLDq5pf2pYfMkBB81zIvE4d7smsfl4Rmf38rqvJoKy24sGipjWga1u7viZ9hmw5AlAnYDd8nUTfwtH3V+HJP0CmK8lihqMk67Ovcl2Pme/rin0DE8ejtanE
79hXh+Pb9RllNzIoZ6AftOKi9bjfMSWlLEx5lxUEm88ha1Db1IzYsRCGkdLDq5pf2pYfMkBB81zIvE4d7smsfl4Rmf78rqvJoKy24sGipjWga1u7viZ9hmw5AlAnYDd8nUTfwtH3V+HJP0CmK8lihqMk67Ovcl2Pme/rin0DE8ejtanE
VYCk3GNhpMs1s8eSVtJSUi3Eeh5jIDddpykINBJb3YKZfDpJMVTywQd9jxy8nBioksuGR3yyV42Z36lVRBh8Vy0Re5SGDQ9p3B7AVgYreoHZv2OTosvDmicnbnJRQ53Qo8J1Gs6rOCifIfEONApL2aGD0xcxf3EXHrvm+2I47YV45nl54bvQ2WthWFsCQzHjYkeIiaCp1w==
+DAMHYFajs5ln5H4XWol1y3Eeh5jIDRdpykINBJb3YKZfDpJMVTywQd9jxy8nBioksuGR3yyV42Z36lVRBh8Vy0Re5SFDQ9p3B7AVgYreoHZv2OTosvDmicnbnJRQ53Qo8J1Gs6rOCifIfEONApL2aGD0xcxf3EXHrvm+2I47YV45nl54bvQ2WthWFsCQzHjYkeIiaCp1w==
hB3owx47wxklWwpQykVDty3Eeh5jIDddpykINBJb3YKZfDpJMVTxwQd9jxy8nBioksuGR3yyV42Z36lVRBh8Vy0Re5SGDQ9p3B7AVgYreoHZv2OTosjDmicnbnJRQ53Qo8J1Gs6rOCifIfEONApL2aGD0xcxf3EXHrvm+2I47YV45nl54bvQ2WthWFsCQzHjYkeIiaCp1w==
UjITiXI5zxLMlwbNPcoely3Eeh5jIDRdpykINBJb3YKZfDpJMVTxwQd9jxy8nBioksuGR3yyV42Z36lVRBh8Vy0Re5SFDQ9p3B7AVgYreoHZv2OTosjDmicnbnJRQ53Qo8J1Gs6rOCifIfEONApL2aGD0xcxf3EXHrvm+2I47YV45nl54bvQ2WthWFsCQzHjYkeIiaCp1w==
V4dZyX0y1p1KfwrKLa/58OKi9bjfMSTjZhJ/lxMCu9MmT2KIhJmnsSrIpv+Zr+UCxdVNUTAyw2bIoV8b//6qbGh31ru0/avFuY2Mu96EsxSebj/RgxY7uiQINBwnYDd8nUTfwtH3V+HJP0CmK8lihqMk67Ovcl2Pme/rin0DE8ejtanE
eBPLDS1kRCvVAH7URImAZ+Ki9bjfMSTjZhJ/lxMCu9MmT2KIhJmnsirIpv+Zr+UCxdVNUTAyw2bIoV8b//6qbGh31ru0/KvFuY2Mu96EsxSebj/RgxY7uiQINBwnYDd8nUTfwtH3V+HJP0CmK8lihqMk67Ovcl2Pme/rin0DE8ejtanE
iTxZhgtTdMvpkWMJ54p1yuKi9bjfMSLgZhJ/lxMCu9MmT2KIhJmnsirIpv+Zr+UCxdVNUTAyw2bIoV8b//6qbGh31ru0/KvFuY2Mu96EsxSebj/XgxY7uiQINBwnYDd8nUTfwtH3V+HJP0CmK8lihqMk67Ovcl2Pme/rin0DE8ejtanE
lE1jS7rtn+9XmeiZKaa/CuKi9bjfMSLgZhJ/lxMCu9MmT2KIhJmnsSrIpv+Zr+UCxdVNUTAyw2bIoV8b//6qbGh31ru0/avFuY2Mu96EsxSebj/XgxY7uiQINBwnYDd8nUTfwtH3V+HJP0CmK8lihqMk67Ovcl2Pme/rin0DE8ejtanE
8IqLNzwJ1MzYAlSxpEmQceKi9bjfMSzgZhJ/lxMCu9MmT2KIhJmnsirIpv+Zr+UCxdVNUTAyw2bIoV8b//6qbGh31ru0/KvFuY2Mu96EsxSebj/QgxY7uiQINBwnYDd8nUTfwtH3V+HJP0CmK8lihqMk67Ovcl2Pme/rin0DE8ejtanE
y3Lx3155efsmgypv1x+IEuKi9bjfMSzgZhJ/lxMCu9MmT2KIhJmnsSrIpv+Zr+UCxdVNUTAyw2bIoV8b//6qbGh31ru0/avFuY2Mu96EsxSebj/QgxY7uiQINBwnYDd8nUTfwtH3V+HJP0CmK8lihqMk67Ovcl2Pme/rin0DE8ejtanE
lCmqFoAv21Gof+SE2qv6mS3Eeh5jIDddpykINBJb3YKZfDpJMVTywQd9jxy8nBuoksuGR3yyV42Z36lVRBh8Vy0Re5SEDQ9p3B7AVgYreoHZv2OTosvDmicnbnJRQ53Qo8J1Gs6rOCifIfEONApL2aGD0xcxf3EXHrvm+2I47YV45nl54bvQ2WthWFsCQzHjYkeIiaCp1w==
uQESAzMzkaMRUC7gS81Qhi3Eeh5jIDRdpykINBJb3YKZfDpJMVTywQd9jxy8nBuoksuGR3yyV42Z36lVRBh8Vy0Re5SLDQ9p3B7AVgYreoHZv2OTosvDmicnbnJRQ53Qo8J1Gs6rOCifIfEONApL2aGD0xcxf3EXHrvm+2I47YV45nl54bvQ2WthWFsCQzHjYkeIiaCp1w==
+AHLmcIajMY9T7AMFwtl7C3Eeh5jIDddpykINBJb3YKZfDpJMVTxwQd9jxy8nBuoksuGR3yyV42Z36lVRBh8Vy0Re5SEDQ9p3B7AVgYreoHZv2OTosjDmicnbnJRQ53Qo8J1Gs6rOCifIfEONApL2aGD0xcxf3EXHrvm+2I47YV45nl54bvQ2WthWFsCQzHjYkeIiaCp1w==
2uf54+WH6DC0ZzxvpBol6i3Eeh5jIDRdpykINBJb3YKZfDpJMVTxwQd9jxy8nBuoksuGR3yyV42Z36lVRBh8Vy0Re5SLDQ9p3B7AVgYreoHZv2OTosjDmicnbnJRQ53Qo8J1Gs6rOCifIfEONApL2aGD0xcxf3EXHrvm+2I47YV45nl54bvQ2WthWFsCQzHjYkeIiaCp1w==
CTsm8INwLkh/RLoAe9druzBO0H1rmoch087/vs3huWAgceHwJsdILNdMI5vVB4tTutzhvr6fZAVlY38InOrnPVFVMdfIWBrDrE1lJhExcDxuDVONgduL88uc4xScNujLHgRpOfcCIjpdNYfbpVv3v7dbaONAF/SIewn+fo/VR9t2dZ25HhdUc+cPRF/+haap0Q==
Xl4OEUQW+g6UnhgGuNjOvjBO0H1rmoch087/vs3huWAgceHwJsdLLNdMI5vVB4tTutzhvr6fZAVlY38InOrnPVFVMdfIWBrCrE1lJhExcDxuDVONgduL88uc4xScNujLHgRpOfcCIjpdNYfbpVv3v7dbaONAF/SIewn+fo/VR9t2dZ25HhdUc+cPRF/+haap0Q==
FHGPqrcfMbn4LEdFqp3OQDBO0H1rmoYh087/vs3huWAgceHwJsdILM1KI4fNBqZ1ivDunJWyRSh5bVxGluy1bilFKsaGGlCbrG1/JxUfJEhFFlG/yJ6H88uc5RqDNujLHgRpOfcCIjpdNYfbpVv3v7dbaONAF/SIewn+fo/VR9t2dZ25HhdUc+cPRF/+haap0Q==
sXyKMy91fv2dtC65SyY8wzBO0H1rmoYh0s7/vs3huWAgceHwJsdILM1KI4fNBqZ1ivDunJWyRSh5bVxGluy1bilFKsaGGlCbrG1/JxUfJEtFFlG/yJ6H88uc5RqDNujLHgRpOfcCIjpdNYfbpVv3v7dbaONAF/SIewn+fo/VR9t2dZ25HhdUc+cPRF/+haap0Q==
SLGwvG8CKzHlGIU3p3D6bWYV8+kwq9ncOvviXCDRgUKbu4PS91yihemJj9NG6vofMkpgjCymwAFaqYy0Kw00SSVsdm4fe0FpSg1SSP9P+/0UPqPiO9ilr+iH15vVO+e/p7uYI5C3RAjraY4+3/V324aVTXmut8Tzl28UH86ltqnB
dPw/Vv3O8TkxzdoqSZRvN72z5pxai8JtFnQv2kR/hEMCGeQ8mKI5hGZFB5u43t5fOTFgcE9CZreW2NkRgmwrFQym+ErRtsNpOVwHOMUoX7a5qwfF8TNgcuM1kgI7iCuHh25N6+Gjix71v6MDe1mpMA==
bKwg7Pc7DTdOfvwUQekXfOVEncJnCC9CyG57eXIZT4cPYT+zpiUJVmVyGhwxJinP9bLpztL0Z0XoFN+7mIYhfMtvLrv8i7PrkWNLPwtjXNN0v3gotyHqrltN2xtqbUlpiv+Yk+vnsK8KfVqpLQ==
p8N3g2Q/SCmIX/J24RatL047Lhj+hsTfxepiChnZkP3lL3/2qmRPk9We2em72Yv27AJwJV4UPmYN60TQIQbd95/cILuf647feSNbpwl/SaeWG77rCniF9QCGcSm5O4iJY0Hg66qDGfO6pwB5WKkv
5f1GQ2JFVva3LSLnvjMs7k47Lhj+hsffxepiChnZkP3lL3/2qmRPk9Wd2em72Yv27AFwJV4UPmYN60TQIQbd95/cILuc647feSNbpwl/SaeWG77rCniF9QCGcSm5O4iJY0Hg66qDGfO6pwB5WKkv
NNFFGjcpDgHVXBoy+OzSseKi9bjfMSWlLEx5lxUEm88ha1Db1IzYshCGkdLDq5pf2pYZMkBB81zIvE4d7smsfl4Rmf78rqvJoKy24cGipjWga1u7viZ9hmw5AlAnYDd8nUTfwtH3V+HJP0CmK8lihqMk67Ovcl2Pme/rin0DE8ejtanE
hL7HqLHpxPzFduHiU+VE4OKi9bjfMSWlLEx5lxUEm88ha1Db14zYshCGkdLDq5pf2pYfMkBB81zIvE4d7smsfl4Rmf78rqvJoKy24cGipjWga1u7viZ9hmw5AlAnYDd8nUTfwtH3V+HJP0CmK8lihqMk67Ovcl2Pme/rin0DE8ejtanE
HoZvHTS6ntsqFnhKdic5oOKi9bjfMSSlLEx5lxUEm88ha1Db1IzYshCGkdLDq5pf2pYfMkBB81zIvE4d7smsfl4Rmf38rqvJoKy24cGipjWga1u7viZ9hmw5AlAnYDd8nUTfwtH3V+HJP0CmK8lihqMk67Ovcl2Pme/rin0DE8ejtanE
+f74slzxzJS/38fmKCgiq+Ki9bjfMSSlLEx5lxUEm88ha1Db14zYshCGkdLDq5pf2pYZMkBB81zIvE4d7smsfl4Rmf38rqvJoKy24cGipjWga1u7viZ9hmw5AlAnYDd8nUTfwtH3V+HJP0CmK8lihqMk67Ovcl2Pme/rin0DE8ejtanE
Cn1mC3DeG+9n1GT9mJJqqWYV8+kwq9ncOvviXCDRgUKbu4PS91yhhemJj9NG6vofMkpgjCymwAFaqYy0Kw00SSVtdm4fe0FpSg1SSP9P+/0UPqPiO9ilr+iH15vVO+e/p7uYI5C3RAjraY4+3/V324aVTXmut8Tzl28UH86ltqnB
5m5eoJt0xdbnYj7lDU+EudPMwr7RZHnu8ZUi5j6q+NuEfSdHnW9cSzFC+4uWjdzxJixcNJaZB2Hw1V7yEuTd67czX3st68+/j+vgQxgHnMgTeYYeh4UfWy4llZmmp/yzzx+cv3Z1Xqkp
N5B9DPlXT9eQ8MhAMYXoXXYhz4R25fDev+47I3AxcnYHzlFBivHD3Ntq7ZtEPLy99xM2bxnShIOm2v+8l6P7l4voE4feATGzgFWq6O28LH4vVrFyH3B1Wd97VVkQ5F+3GoyvMovh6zz1NSVpWyip3cstT0OpNg==
RPfKm17MXKko1xhv4br7E74sbI5KS5yXmGqW3+eAsuJm8Te84a2tdrk/efPzBLf0KT5QDRtYLD5VxdXV2bHs6wqCeybSMbXWF/Cj3J30m8uJk1M/ExNE81xPsOj/cYIO490jm9L9MQkiL1BTI9fYzxJNQqk1
at9YUe8vCYO1IKgjVB4kRENTpNPFdhC09hjW3uqvlmz5q8fIi8tv4vYOHH5OTultM4OdWBlMhKLejZXEgob7mbull+2i08RelcY8LbvuGeytrPPotfOnT53/3c/qS/LT3phx7Qy2bUHNezwh/7Fscx4jTYv29zxRTKk7
+A0CwByfVcVrwVB278RtNNJ4EyYSiirOIz1nRrHtRzyPzgL9kX1LbWro6JCThkdgdz9DF+F4q1se3Qmv8EmS9A1gFCJfCgnun+zNBa8nbYXw+GerapCX7ks9U6CFqZ31u/QRgbtxd1+pKg==
6FaRsC6xzVx6tAoY1uOPj72z5pxai8JtF3Qv2kR/hEMCGeQ8mKI5hGZFB5u43t5fOTFgcE9He6jSydINlWE3JD2h6m23p8B2MVwHOMUoX7a5qwfF8TNgcuM1kgI7iCuHh25N6+Gjix71v6MDe1mpMA==
SWEdHQnO8vp28ixY83SijSYziATcsfy14eDQY1E31oqTlEAPOuvCCKCgv1OUcUmK3L7RR2B9Duk+jd5WYG5wvPYmjz6bkQKek/xqa59qPdcpdyuSTVtzXxNtqRw=
bMX+F5+fgNowq4yp7+/7JA6O30+faYAXgTiwMGHtpCs260JTHgyU6NhuugifNH+nWnwPQooRS0w1JQU52/jJzQudL3OpBg==
Y+hbXvSKgwikfxrW9oSv5g2O30+faYAXgTiwMGHtpCs260JTHgyU6NhuugifNH+nWnwPQooRS0w1JQU52/jJzQudL3OpBg==
rGMGrSEMegj2OT0684dV3w6C0F6faYAXgTiwMGHtpCs260JTHgyU6NhuugifNH+nWnwPQooRS0w1JQU52/jJzQudL3OpBg==
ILaPCoPNH9msIUY1rB72Wlw04t5xYL74Zo90anRlYYYHOSjm4Go6/Pz+YW57TOc8jxfBDTz23aEdemyBD/EcU+6jHavmN6wxfKkL
M7qkMlhPRVnZd5vrBu6mKzQk9usoBCRLwre/Q7QBiTq8LlHXgM1OGR6d3kZAnjAMFrYPrvshwu6z7Gp7vxr9Z0nnqwKt6zOvM32pDA==
aAJxG0To5GCc5/sdHy+1RTYk9usoBCRLwre/Q7QBiTq8LlHXgM1OGR6d3kZAnjAMFrYPrvshwu6z7Gp7vxr9Z0nnqwKt6zOvM32pDA==
8ZBQ7+p62Ym5TyMXdCvujzUk9usoBCRLwre/Q7QBiTq8LlHXgM1OGR6d3kZAnjAMFrYPrvshwu6z7Gp7vxr9Z0nnqwKt6zOvM32pDA==
atF2/gzeoIsHs+yXAunikF+TMDC2jLMgWxCD2qxeTEr10Qqkms9IshB1ZY7rGQQupNqehGB+/Zbf/CN0ozetBTjmOfkhuhBZq2GY20JDcWMiR0gJYKkX
s8Y2iMDNRoqXgEmFpoTkAlyTMDC2jLMgWxCD2qxeTEr10Qqkms9IshB1ZY7rGQQupNqehGB+/Zbf/CN0ozetBTjmOfkhuhBZq2GY20JDcWMiR0gJYKkX
z/VX0M7gp/asjTcngd2B9J0/gXBQiXg3oqQ8CjerybjhfkYOBo63mdhw8O+ipgJ9Z4rhCW4KRvLMUKo+N0KNVMHQyacngbpuq23LGnqNeSnaHwgTm0dAb1odaqkd
HGZ/HazEF1AtqHv8BjfEU54/gXBQiXg3oqQ8CjerybjhfkYOBo63mdhw8O+ipgJ9Z4rhCW4KRvLMUKo+N0KNVMHQyacngbpuq23LGnqNeSnaHwgTm0dAb1odaqkd
hofupDcq4nk22f+RreAAtSc+iBnDo+vKv+TadnYK/Ly4iUY/dPzVDa6nv1OUcUmK3L7RR2B9Duk+jd5WYG5wvPYmjz6bkQKek/xqa59qPdcpdyuSTVtzXxNtqRw=
0jGcnrmTKzVWesdEi+5YuyQ+iBnDo+vKv+TadnYK/Ly4iUY/dPzVDa6nv1OUcUmK3L7RR2B9Duk+jd5WYG5wvPYmjz6bkQKek/xqa59qPdcpdyuSTVtzXxNtqRw=
Bzjj7/O/JKXMIOts8/+L5zMk9uooBCRLwre/Q7QBiTq8LlHXgM1OGR6d3kZAnjAMFrYPrvshwu6z7Gp7vxr9Z0nnqwKt6zOvM32pDA==
q2YpeoofJB8zMG/ysZUv3i8ziATcsfy14eDQY1E31oqTlEAPOuvCCKCgv1OUcUmK3L7RR2B9Duk+jd5WYG5wvPYmjz6bkQKek/xqa59qPdcpdyuSTVtzXxNtqRw=
UvDP1Eeh5j9sc/K4Z14MBDIk9uooBCRLwre/Q7QBiTq8LlHXgM1OGR6d3kZAnjAMFrYPrvshwu6z7Gp7vxr9Z0nnqwKt6zOvM32pDA==
oetHcAE+Eg25vbKBfXuXjTUk9uooBCRLwre/Q7QBiTq8LlHXgM1OGR6d3kZAnjAMFrYPrvshwu6z7Gp7vxr9Z0nnqwKt6zOvM32pDA==
T7I2kIL1+ejoBBieqOnRKTQk9uooBCRLwre/Q7QBiTq8LlHXgM1OGR6d3kZAnjAMFrYPrvshwu6z7Gp7vxr9Z0nnqwKt6zOvM32pDA==
nrFyI2tjoJHCWhiJ80X0UDYk9uooBCRLwre/Q7QBiTq8LlHXgM1OGR6d3kZAnjAMFrYPrvshwu6z7Gp7vxr9Z0nnqwKt6zOvM32pDA==
sBikHez1pyhUJoVvIptC8Sc+iBnDo+vKvuTadnYK/Ly4iUY/dPzVDa6nv1OUcUmK3L7RR2B9Duk+jd5WYG5wvPYmjz6bkQKek/xqa59qPdcpdyuSTVtzXxNtqRw=
fj0ykTAQUyyLT2gA1pFFFiQ+iBnDo+vKvuTadnYK/Ly4iUY/dPzVDa6nv1OUcUmK3L7RR2B9Duk+jd5WYG5wvPYmjz6bkQKek/xqa59qPdcpdyuSTVtzXxNtqRw=
P3VHvIB3ZbxLR6MLIVIVkHmqbsUe4N8C4Kh6K6WQoBd+Gl3ByZikVEomt9oVT8AC6NUNXjNZPN6MuoaUaH71hsccCwSb9/VV0EZBSak6mKkTATALGgOJU0pnUBloqR8=
z/vh/V4LqZ9z/jTFn01LQDYk9ukoBCRLwre/Q7QBiTq8LlHXgM1OGR6d3kZAnjAMFrYPrvshwu6z7Gp7vxr9Z0nnqwKt6zOvM32pDA==
GGU0M3QA/xeY9R53jyRrYzUk9ukoBCRLwre/Q7QBiTq8LlHXgM1OGR6d3kZAnjAMFrYPrvshwu6z7Gp7vxr9Z0nnqwKt6zOvM32pDA==
xM7yS6KvSl+VVy8ArtmuqTIk9ukoBCRLwre/Q7QBiTq8LlHXgM1OGR6d3kZAnjAMFrYPrvshwu6z7Gp7vxr9Z0nnqwKt6zOvM32pDA==
FsPdbRHgAR0wIv9srN3r5zQk9ukoBCRLwre/Q7QBiTq8LlHXgM1OGR6d3kZAnjAMFrYPrvshwu6z7Gp7vxr9Z0nnqwKt6zOvM32pDA==
x9RRvXHIuccAFim8EmGC/jMk9ukoBCRLwre/Q7QBiTq8LlHXgM1OGR6d3kZAnjAMFrYPrvshwu6z7Gp7vxr9Z0nnqwKt6zOvM32pDA==
TIcTSm3peSTNPGUA8mJ3tCc+iBnDo+vKveTadnYK/Ly4iUY/dPzVDa6nv1OUcUmK3L7RR2B9Duk+jd5WYG5wvPYmjz6bkQKek/xqa59qPdcpdyuSTVtzXxNtqRw=
wTLve8hp/Lr7Ma6cWNH/DCQ+iBnDo+vKveTadnYK/Ly4iUY/dPzVDa6nv1OUcUmK3L7RR2B9Duk+jd5WYG5wvPYmjz6bkQKek/xqa59qPdcpdyuSTVtzXxNtqRw=
PljRP0igaG5KPrEKDgVLo3mqbsAe4N8C4Kh6K6WQoBd+Gl3ByZikVEomt9oVT8AC6NUNXjNZPN6MuoaUaH71hsccCwSb9/VV0EZBSak6mKkTATALGgOJU0pnUBloqR8=
3CpaKRZdXU3MtkWRAVnHWgckzJRtEj3OHVWS75LG0r0XalGJ/qoWMvwwuj4nor0UEXBZJ5fhSi77jfsaiq0p6Wq/+JMLpxAvqj16qQ0=
bbUS4hon++QHcjns+Zgl6hZq663UHMAv1g6ODbsytelaErqigLg+vqMqQYS9yP3H8znmnifFP1pOZXUZBmfcs+/f/D+WNX6pCQ==
RKeHQk0AxSFVHPu7ubhmixdq663UHMAv1g6ODbsytelaErqigLg+vqMqQYS9yP3H8znmnifFP1pOZXUZBmfcs+/f/D+WNX6pCQ==
ype+1jVLuD2zsqA1+2BmOBRq663UHMAv1g6ODbsytelaErqigLg+vqMqQYS9yP3H8znmnifFP1pOZXUZBmfcs+/f/D+WNX6pCQ==
l3ejbvdQvao6Sy7zUg96wx8Dy9xhWL/8c490anRlYYYHOSjm4Go6/Pz+YW57TOc8jxfBDTz23aEdemyBD/EcU+6jHavmN6wxfKkL
FGXlc2Q07kBTgo633bTSBRwDy9xhWL/8c490anRlYYYHOSjm4Go6/Pz+YW57TOc8jxfBDTz23aEdemyBD/EcU+6jHavmN6wxfKkL
nbRoJKwkfmDukysagPYiUx8Cy9xhWL/8c490anRlYYYHOSjm4Go6/Pz+YW57TOc8jxfBDTz23aEdemyBD/EcU+6jHavmN6wxfKkL
C/CkMhefw854iYFFzRLeZBwCy9xhWL/8c490anRlYYYHOSjm4Go6/Pz+YW57TOc8jxfBDTz23aEdemyBD/EcU+6jHavmN6wxfKkL
wVimxANHjI2WKQEO4ojGqvHu1Ht14tzUaEEG96SUdeU+Lz/bBJnp4gx2kY+wFS4BLoXeXnCGUNQm7s/2S/midgN06uMPgp2/+b9rWp0zU7cDZakU
QWRKCIF1Lsqeco9igWEIG1Dd7tNKISDhgnJUsM5nfx9MVTmW1Mrxaxi53pWWGV7a+ArAYL4Sb1KjlRKie6gqp8fOzUuhg4s+tR8jozt5qRA=
NtGrbZ9dl4wFskOeKwZ/vnwDiatfsRsLXyVYWzGU6NwBATyHhmfa356ADGRowiLk/9gnC+ow1w5KXZMABQld1bsU0eE7kTd/qQo=
7mT7eqypvBb93QHGf0krixzci6VrPS+8q23xJzdPMCK4Fb0+o9lMflz6tnR4fuXm99xbpGt3ZbVgBpFp2TqoycPBQKuKgzmzGiegOXipDw==
E7sAfbBXM+DPbQeQpX1QOQNc8q5pFn3EusZgxx/hEO/h4AB4oaVUcxbTUlseBITQ+DZKQF98z386hJ/KCpnbNNV9tfGbMLkVK6U/e6kO
0TZPiXklGgQfeQ8l+Vl2KSibhr4OO8vynQ06HnyAvK9unmZtY4L9KRLCgoJoyCa+u9oppIWYNYc7ib5+T1WH2rb13blel5RzJ48EX74FZqkR
F2DC5xAursyk/63pHKgiwDaSk7wEG/3HsQA1FW+bqa9unmZtY4L9KRLCgoJoyCa+u9oppIWYNYc7ib5+T1WH2rb13blel5RzJ48EX74FZqkR
oTXKTwgKr+Z2+W85MDeluATQi7x9Ii+kvWjzNDdPMCK4Fb0+o9lMflz6tnR4fuXm99xbpGt3ZbVgBpFp2TqoycPBQKuKgzmzGiegOXipDw==
0kxeu2tUN+bgkd1ROTO7eh7Wi6BlIy+kvWjzNDdPMCK4Fb0+o9lMflz6tnR4fuXm99xbpGt3ZbVgBpFp2TqoycPBQKuKgzmzGiegOXipDw==
8yWoDYoASvlsIRG6sYzu4igylqx74SoOXyVYWzGU6NwBATyHhmfa356ADGRowiLk/9gnC+ow1w5KXZMABQld1bsU0eE7kTd/qQo=
rgjwyafdmI+tzrzqvGevLg5T7KRNKEnoushszh/hEO/h4AB4oaVUcxbTUlseBITQ+DZKQF98z386hJ/KCpnbNNV9tfGbMLkVK6U/e6kO
WKZvngyaNvjUcRqF5KXRxVTS+81YABbM0HJAt8Jqfx9MVTmW1Mrxaxi53pWWGV7a+ArAYL4Sb1KjlRKie6gqp8fOzUuhg4s+tR8jozt5qRA=
FiP0Xk8NQaea3YL9Zm7/HmVI0b7LFtsv1g6ODbsytelaErqigLg+vqMqQYS9yP3H8znmnifFP1pOZXUZBmfcs+/f/D+WNX6pCQ==
WAd7eVlQPVkxeM9Cbaiczh7Wi7tjAyCLumbjNDlPMCK4Fb0+o9lMflz6tnR4fuXm99xbpGt3ZbVgBpFp2TqoycPBQKuKgzmzGiegOXipDw==
ihAX2s/NhWp9VRTMBiBvLwUuzJFjDD3OF16f75LG0r0XalGJ/qoWMvwwuj4nor0UEXBZJ5fhSi77jfsaiq0p6Wq/+JMLpxAvqj16qQ0=
soJOL1UKVtIEXwdfFzov9mIZxrMKXRVugrO/Q7QBiTq8LlHXgM1OGR6d3kZAnjAMFrYPrvshwu6z7Gp7vxr9Z0nnqwKt6zOvM32pDA==
1oRiWHirUANXlkpEOKb/wcISFm8adnpdb5oJScb6zlIUILI+L7LV9EmgYWdPkbJOUz1zmgJdQUnSDyDT8/fID4ItcqkF
mJ9gAqTROiQNdCjV/kYumScziATcsfy14eDQY1E31oqTlEAPOuvCCKCgv1OUcUmK3L7RR2B9Duk+jd5WYG5wvPYmjz6bkQKek/xqa59qPdcpdyuSTVtzXxNtqRw=
4QVoeQ3F9SNWlZDGtP62cPctNglVOD0TPIsWSdypi1QRI7M1QvbE406zandPkbJOUz1zmgJdQUnSDyDT8/fID4ItcqkF
9LNNCtIhqdXOZCpOq93s+eX9Hq/Nsaz9g3TBlanJ5g9A5+6b7fwtbj6ojQ1xNQWrCeFqGLfq5g4veCQvZfjcg8IoQ84lEUM6eRzQewsV2IZhieUeJXGBh/zW6oAdCl18XYC0CucPtEpHupY3L1Y7Yw3O8rsz11NRIyT1A9w3Q9pzbfIKS/Cq79d2baNRG0s25WdDi4uhqdg=
wtL+khS6+sVTCS+AzLwF//ctNglVOD0TPI8UR9ypi1QRI7M1QvbE406zandPkbJOUz1zmgJdQUnSDyDT8/fID4ItcqkF
4QVoeQ3F9SNWlZDGtP62cPctNglVOD0TPIsWSdypi1QRI7M1QvbE406zandPkbJOUz1zmgJdQUnSDyDT8/fID4ItcqkF
9LNNCtIhqdXOZCpOq93s+eX9Hq/Nsaz9g3TBlanJ5g9A5+6b7fwtbj6ojQ1xNQWrCeFqGLfq5g4veCQvZfjcg8IoQ84lEUM6eRzQewsV2IZhieUeJXGBh/zW6oAdCl18XYC0CucPtEpHupY3L1Y7Yw3O8rsz11NRIyT1A9w3Q9pzbfIKS/Cq79d2baNRG0s25WdDi4uhqdg=
qSW1eF27mvCGgBDoFMP3gtG70I+EsA6KxURPr7Y22NeUzQh2D/EfrTqQ13MKqEeGytUDmGXxLR373OHZG4knd6kC
SAaBiutbOJejoW7XLDmIa3kKiDMiwtVvw9/ypJ/jv30XavHCQMpZU5IPGLTsHcMf+Zm2wMmsUDkle2QCl/HCLHY0ccqdDxqgl0tqOStrNkFOLm2O7auV1f3H8xivGdjkMwVxYuoJOSNSB83Orl3ws7gRf7FOCsjrewn+fo/VR9p2dZ25HhdUc+cPRF/+haap0Q==
FLuKfQQcFFVf9fQV6RFuOJtYPfnBkJTgpMbEyIDU3lWlrx72h6NMM0bMsiEd3ycl6LiXEI7J+8c6eslNHMzoiO+yA7OEUAn39EG116jB0JLz9nMXCyVje21gMaVGBO25Lxq0tefTjLuTtvDhLnNmLSHJEDYWG6U1oAbR6Zk5aEmDwQArSoP5M1on4Lm4qc8=
nm7ukClnTFAUFSSNind6/+nX12u6PRI/nF9QL63dmqereXqjWzkW7kys5YNdlk+0GBfIB0NoQ0YWuH/ZYBO1eTrG4FI+R9DBtPnlBXaxJncySzK9M5SB0CVOBBOXRRisj5fcB/Zfo9jnknsDbBBh5ywhPSeQwehie5arB2Nli8sVQDn1HoQ16Sf6DMVPE6SrSxZ4UdZzHp2paUgmPlsNxRhm2TnBubCZi+H4myJDESMCx2jJgKn3
nm7ukClnTFAUFSSNind6/+nX12u6PRI/nF9QL63dmqereXqjWzkW7kys5YNdlk+0GBfIB0NoQ0YWuH/ZYBO1eTrG4FI+R9DBtPnlBXaxJncySzK9M5SB0CVOBBOXRRisj5fcB/Zfo9jnknsDbBBh5ywhPSeQwehie5arB2Nli8sVQDn1HoQ16Sf6DMVPE6SrSxZ4UdZzHp2paUgmPlsNxRhm2TnBubCZi+H4myJDESMCx2jJgKn3
ena5+BcsTVKO3C30U46mlvctNglVOD0TPI8UR9ypi1QRI7M1QvbE406zandPkbJOUz1zmQJdQUnSDyDT8/fID4ItcqkF
8z+KP34jQJSB3EQlIewtA+Ki9bjfMSWlLEx5lxUEm88ha1Db1ozYsBCGkdLDq5pf2pYbMkBB81zIvE4d7smsfl4Rmf78rqvJoKy248GipjWga1u7viZ9hmw5AlAnYDd8nUTfwtH3V+HJP0CmK8lihqMk6bOvcl2Pme/rin0DE8ejtanE
P1l9zJg/tqVpru5JmzZ+JeKi9bjfMSSlLEx5lxUEm88ha1Db1ozYsBCGkdLDq5pf2pYbMkBB81zIvE4d7smsfl4Rmf38rqvJoKy248GipjWga1u7viZ9hmw5AlAnYDd8nUTfwtH3V+HJP0CmK8lihqMk6bOvcl2Pme/rin0DE8ejtanE
IDX+prjyOzwejtqQM+9vweKi9bjfMSSlLEx5lxUEm88ha1Db1IzYsBCGkdLDq5pf2pYfMkBB81zIvE4d7smsfl4Rmf38rqvJoKy248GipjWga1u7viZ9hmw5AlAnYDd8nUTfwtH3V+HJP0CmK8lihqMk6bOvcl2Pme/rin0DE8ejtanE
2ziNOVPhKlf7/wcE27yhAeKi9bjfMSbgZhJ/lxMCu9MmT2KIhJmnsSrIpv+Zr+UAxdVNUTAyw2bIoV8b//6qbGh31ru0/avFuY2Mu96EsxSebj/VgxY5uiQINBwnYDd8nUTfwtH3V+HJP0CmK8lihqMk6bOvcl2Pme/rin0DE8ejtanE
W0tX+wRnpwaAB0wgTQtmseKi9bjfMSWlLEx5lxUEm88ha1Db14zYsBCGkdLDq5pf2pYZMkBB81zIvE4d7smsfl4Rmf78rqvJoKy248GipjWga1u7viZ9hmw5AlAnYDd8nUTfwtH3V+HJP0CmK8lihqMk6bOvcl2Pme/rin0DE8ejtanE
TBsgYr00BbcBbLM+u8/DMOKi9bjfMSSlLEx5lxUEm88ha1Db14zYsBCGkdLDq5pf2pYZMkBB81zIvE4d7smsfl4Rmf38rqvJoKy248GipjWga1u7viZ9hmw5AlAnYDd8nUTfwtH3V+HJP0CmK8lihqMk6bOvcl2Pme/rin0DE8ejtanE
HO5UqjKKIT6Ep4QmiWUozi3Eeh5jIDddpykINBJb3YKZfDpJMVTxwQd9jxy8nBmoksuGR3yyV42Z36lVRBh8Vy0Re5SADQ9p3B7AVgYreoHZv2OTosjDmicnbnJRQ53Qo8J1Gs6rOCifIfEONApL2aGD0xcxf3EXHrvm+2I47YV45nl54bnQ2WthWFsCQzHjYkeIiaCp1w==
cbqt30+4Ug8oSSEBekcJEi3Eeh5jIDRdpykINBJb3YKZfDpJMVTxwQd9jxy8nBmoksuGR3yyV42Z36lVRBh8Vy0Re5SHDQ9p3B7AVgYreoHZv2OTosjDmicnbnJRQ53Qo8J1Gs6rOCifIfEONApL2aGD0xcxf3EXHrvm+2I47YV45nl54bnQ2WthWFsCQzHjYkeIiaCp1w==
A9rxJHlPepMFBOY9O1OuMS3Eeh5jIDddpykINBJb3YKZfDpJMVTywQd9jxy8nBmoksuGR3yyV42Z36lVRBh8Vy0Re5SADQ9p3B7AVgYreoHZv2OTosvDmicnbnJRQ53Qo8J1Gs6rOCifIfEONApL2aGD0xcxf3EXHrvm+2I47YV45nl54bnQ2WthWFsCQzHjYkeIiaCp1w==
vn2CsqyG7HwJ5sIgSQiomC3Eeh5jIDRdpykINBJb3YKZfDpJMVTywQd9jxy8nBmoksuGR3yyV42Z36lVRBh8Vy0Re5SHDQ9p3B7AVgYreoHZv2OTosvDmicnbnJRQ53Qo8J1Gs6rOCifIfEONApL2aGD0xcxf3EXHrvm+2I47YV45nl54bnQ2WthWFsCQzHjYkeIiaCp1w==
4cICUHEokNOZFf2fLYmhMuKi9bjfMSWlLEx5lxUEm88ha1Db0YzYsRCGkdLDq5pf2pYVMkBB81zIvE4d7smsfl4Rmf78rqvJoKy24sGipjWga1u7viZ9hmw5AlAnYDd8nUTfwtH3V+HJP0CmK8lihqMk6bOvcl2Pme/rin0DE8ejtanE
RNx945Ho4JaX5l8fQlfW4+Ki9bjfMSzgZhJ/lxMCu9MmT2KIhJmnsirIpv+Zr+UBxdVNUTAyw2bIoV8b//6qbGh31ru0/KvFuY2Mu96EsxSebj/QgxY4uiQINBwnYDd8nUTfwtH3V+HJP0CmK8lihqMk6bOvcl2Pme/rin0DE8ejtanE
Ruyd7Gwp9ukrf1ExOBamFOKi9bjfMSWlLEx5lxUEm88ha1Db0IzYsRCGkdLDq5pf2pYdMUBB81zIvE4d7smsfl4Rmf78rqvJoKy24sGipjWga1u7viZ9hmw5AlAnYDd8nUTfwtH3V+HJP0CmK8lihqMk6bOvcl2Pme/rin0DE8ejtanE
fyUMNkTdDN/GTdgNxnLx9OKi9bjfMSTjZhJ/lxMCu9MmT2KIhJmnsirIpv+Zr+UBxdVNUTAyw2bIoV8b//6qbGh31ru0/KvFuY2Mu96EsxSebj/RgxY4uiQINBwnYDd8nUTfwtH3V+HJP0CmK8lihqMk6bOvcl2Pme/rin0DE8ejtanE
c+3qToq8snCagtGYjXs1XOKi9bjfMSDgZhJ/lxMCu9MmT2KIhJmnsirIpv+Zr+UBxdVNUTAyw2bIoV8b//6qbGh31ru0/KvFuY2Mu96EsxSebj/WgxY4uiQINBwnYDd8nUTfwtH3V+HJP0CmK8lihqMk6bOvcl2Pme/rin0DE8ejtanE
n5/ruxHjJWU5zddFzw7FEuKi9bjfMSDgZhJ/lxMCu9MmT2KIhJmnsSrIpv+Zr+UBxdVNUTAyw2bIoV8b//6qbGh31ru0/avFuY2Mu96EsxSebj/WgxY4uiQINBwnYDd8nUTfwtH3V+HJP0CmK8lihqMk6bOvcl2Pme/rin0DE8ejtanE
6YlHYiSyy3may1qCC3ovyOKi9bjfMSSlLEx5lxUEm88ha1Db1ozYsRCGkdLDq5pf2pYbMkBB81zIvE4d7smsfl4Rmf38rqvJoKy24sGipjWga1u7viZ9hmw5AlAnYDd8nUTfwtH3V+HJP0CmK8lihqMk6bOvcl2Pme/rin0DE8ejtanE
WUVEMsUv/3IWMbruZ6Ed2eKi9bjfMSLgZhJ/lxMCu9MmT2KIhJmnsSrIpv+Zr+UBxdVNUTAyw2bIoV8b//6qbGh31ru0/avFuY2Mu96EsxSebj/XgxY4uiQINBwnYDd8nUTfwtH3V+HJP0CmK8lihqMk6bOvcl2Pme/rin0DE8ejtanE
OauG8n6TrtGECGlqXTF+suKi9bjfMSSlLEx5lxUEm88ha1Db1IzYsRCGkdLDq5pf2pYfMkBB81zIvE4d7smsfl4Rmf38rqvJoKy24sGipjWga1u7viZ9hmw5AlAnYDd8nUTfwtH3V+HJP0CmK8lihqMk6bOvcl2Pme/rin0DE8ejtanE
huQ8l3uJO1xli3lTMtddzOKi9bjfMSWlLEx5lxUEm88ha1Db1IzYsRCGkdLDq5pf2pYfMkBB81zIvE4d7smsfl4Rmf78rqvJoKy24sGipjWga1u7viZ9hmw5AlAnYDd8nUTfwtH3V+HJP0CmK8lihqMk6bOvcl2Pme/rin0DE8ejtanE
PcpSqnCB+IXdRFVaI7/Mci3Eeh5jIDddpykINBJb3YKZfDpJMVTywQd9jxy8nBioksuGR3yyV42Z36lVRBh8Vy0Re5SGDQ9p3B7AVgYreoHZv2OTosvDmicnbnJRQ53Qo8J1Gs6rOCifIfEONApL2aGD0xcxf3EXHrvm+2I47YV45nl54bnQ2WthWFsCQzHjYkeIiaCp1w==
pZIwbuRcynHXosnl1RcppS3Eeh5jIDRdpykINBJb3YKZfDpJMVTywQd9jxy8nBioksuGR3yyV42Z36lVRBh8Vy0Re5SFDQ9p3B7AVgYreoHZv2OTosvDmicnbnJRQ53Qo8J1Gs6rOCifIfEONApL2aGD0xcxf3EXHrvm+2I47YV45nl54bnQ2WthWFsCQzHjYkeIiaCp1w==
3c40HqDpnFv+fcxANx4uTS3Eeh5jIDddpykINBJb3YKZfDpJMVTxwQd9jxy8nBioksuGR3yyV42Z36lVRBh8Vy0Re5SGDQ9p3B7AVgYreoHZv2OTosjDmicnbnJRQ53Qo8J1Gs6rOCifIfEONApL2aGD0xcxf3EXHrvm+2I47YV45nl54bnQ2WthWFsCQzHjYkeIiaCp1w==
ERPPgE8mxxPOBIAb05SseC3Eeh5jIDRdpykINBJb3YKZfDpJMVTxwQd9jxy8nBioksuGR3yyV42Z36lVRBh8Vy0Re5SFDQ9p3B7AVgYreoHZv2OTosjDmicnbnJRQ53Qo8J1Gs6rOCifIfEONApL2aGD0xcxf3EXHrvm+2I47YV45nl54bnQ2WthWFsCQzHjYkeIiaCp1w==
dbHiWc8uEAvgLxIDey+R6eKi9bjfMSTjZhJ/lxMCu9MmT2KIhJmnsSrIpv+Zr+UCxdVNUTAyw2bIoV8b//6qbGh31ru0/avFuY2Mu96EsxSebj/RgxY7uiQINBwnYDd8nUTfwtH3V+HJP0CmK8lihqMk6bOvcl2Pme/rin0DE8ejtanE
OpmEMlZfBjfJe6QAB5PIk+Ki9bjfMSTjZhJ/lxMCu9MmT2KIhJmnsirIpv+Zr+UCxdVNUTAyw2bIoV8b//6qbGh31ru0/KvFuY2Mu96EsxSebj/RgxY7uiQINBwnYDd8nUTfwtH3V+HJP0CmK8lihqMk6bOvcl2Pme/rin0DE8ejtanE
KmELts+4MU/CQaZfX+GEuuKi9bjfMSLgZhJ/lxMCu9MmT2KIhJmnsirIpv+Zr+UCxdVNUTAyw2bIoV8b//6qbGh31ru0/KvFuY2Mu96EsxSebj/XgxY7uiQINBwnYDd8nUTfwtH3V+HJP0CmK8lihqMk6bOvcl2Pme/rin0DE8ejtanE
8lSsDtrUIQHUac6wCtpI6+Ki9bjfMSLgZhJ/lxMCu9MmT2KIhJmnsSrIpv+Zr+UCxdVNUTAyw2bIoV8b//6qbGh31ru0/avFuY2Mu96EsxSebj/XgxY7uiQINBwnYDd8nUTfwtH3V+HJP0CmK8lihqMk6bOvcl2Pme/rin0DE8ejtanE
2Ic7vJuE707Bk5QEQL/kXeKi9bjfMSzgZhJ/lxMCu9MmT2KIhJmnsirIpv+Zr+UCxdVNUTAyw2bIoV8b//6qbGh31ru0/KvFuY2Mu96EsxSebj/QgxY7uiQINBwnYDd8nUTfwtH3V+HJP0CmK8lihqMk6bOvcl2Pme/rin0DE8ejtanE
pLTxkkFlQGNMbUHGRdvd9+Ki9bjfMSzgZhJ/lxMCu9MmT2KIhJmnsSrIpv+Zr+UCxdVNUTAyw2bIoV8b//6qbGh31ru0/avFuY2Mu96EsxSebj/QgxY7uiQINBwnYDd8nUTfwtH3V+HJP0CmK8lihqMk6bOvcl2Pme/rin0DE8ejtanE
R8sPYeqr/xbIwOH8LY5jOi3Eeh5jIDddpykINBJb3YKZfDpJMVTywQd9jxy8nBuoksuGR3yyV42Z36lVRBh8Vy0Re5SEDQ9p3B7AVgYreoHZv2OTosvDmicnbnJRQ53Qo8J1Gs6rOCifIfEONApL2aGD0xcxf3EXHrvm+2I47YV45nl54bnQ2WthWFsCQzHjYkeIiaCp1w==
MM8IAS/1xycQo4fORMQtsS3Eeh5jIDRdpykINBJb3YKZfDpJMVTywQd9jxy8nBuoksuGR3yyV42Z36lVRBh8Vy0Re5SLDQ9p3B7AVgYreoHZv2OTosvDmicnbnJRQ53Qo8J1Gs6rOCifIfEONApL2aGD0xcxf3EXHrvm+2I47YV45nl54bnQ2WthWFsCQzHjYkeIiaCp1w==
n4ip5LZRlnWuDlKFtpcf1S3Eeh5jIDddpykINBJb3YKZfDpJMVTxwQd9jxy8nBuoksuGR3yyV42Z36lVRBh8Vy0Re5SEDQ9p3B7AVgYreoHZv2OTosjDmicnbnJRQ53Qo8J1Gs6rOCifIfEONApL2aGD0xcxf3EXHrvm+2I47YV45nl54bnQ2WthWFsCQzHjYkeIiaCp1w==
qOuFEKdfsbnXWlAAzA3GFC3Eeh5jIDRdpykINBJb3YKZfDpJMVTxwQd9jxy8nBuoksuGR3yyV42Z36lVRBh8Vy0Re5SLDQ9p3B7AVgYreoHZv2OTosjDmicnbnJRQ53Qo8J1Gs6rOCifIfEONApL2aGD0xcxf3EXHrvm+2I47YV45nl54bnQ2WthWFsCQzHjYkeIiaCp1w==
jPKcvgpZiz6wuUeSQ2nLuTBO0H1rmoch087/vs3huWAgceHwJsdILNdMI5vVB4tTutzhvr6fZAVlY38InOrnPVFVMdfIWBrDrE1lJhExcDxuDVONgduL88uc4xScNujLHgRpOfcCIjpdNYfbpVv3v7dbaONAF/SIewn+fo/VR9l2dZ25HhdUc+cPRF/+haap0Q==
JWmLg//y+NBApgekFGrKYjBO0H1rmoch087/vs3huWAgceHwJsdLLNdMI5vVB4tTutzhvr6fZAVlY38InOrnPVFVMdfIWBrCrE1lJhExcDxuDVONgduL88uc4xScNujLHgRpOfcCIjpdNYfbpVv3v7dbaONAF/SIewn+fo/VR9l2dZ25HhdUc+cPRF/+haap0Q==
5fnmWWcZkRkjDWPNfsPwDzBO0H1rmoYh087/vs3huWAgceHwJsdILM1KI4fNBqZ1ivDunJWyRSh5bVxGluy1bilFKsaGGlCbrG1/JxUfJEhFFlG/yJ6H88uc5RqDNujLHgRpOfcCIjpdNYfbpVv3v7dbaONAF/SIewn+fo/VR9l2dZ25HhdUc+cPRF/+haap0Q==
ZVngGDUKAocHAkHUwYEX4jBO0H1rmoYh0s7/vs3huWAgceHwJsdILM1KI4fNBqZ1ivDunJWyRSh5bVxGluy1bilFKsaGGlCbrG1/JxUfJEtFFlG/yJ6H88uc5RqDNujLHgRpOfcCIjpdNYfbpVv3v7dbaONAF/SIewn+fo/VR9l2dZ25HhdUc+cPRF/+haap0Q==
QHdND7r1/BhLYXIp3PY2C2YV8+kwq9ncOvviXCDRgUKbu4PS91yihemJj9NG6vofMkpgjCymwAFaqYy0Kw00SSVsdm4fe0FpSg1SSP9P+/0UPqPiO9ilr+iH15vVO+e/p7uYI5C3RAjraY4+3/V32YaVTXmut8Tzl28UH86ltqnB
F8bBg3cVZNohe7ijtE1Ssr2z5pxai8JtFnQv2kR/hEMCGeQ8mKI5hGZFB5u43t5fOTFgcE9CZreW2NkRgmwrFQym+ErRtsNpOVwHOMUoX7a5qwfF8TNgcuM1kgI7iCmHh25N6+Gjix71v6MDe1mpMA==
x6Q9ANE/bE5HV7+ooW6iEeVEncJnCC9CyG57eXIZT4cPYT+zpiUJVmVyGhwxJinP9bLpztL0Z0XoFN+7mIYhfMtvLrv8i7PrkWNLPwtjXNN0v3gotyHqrltN2xlqbUlpiv+Yk+vnsK8KfVqpLQ==
7SyXag126Bsm2CxiYUJdFk47Lhj+hsTfxepiChnZkP3lL3/2qmRPk9We2em72Yv27AJwJV4UPmYN60TQIQbd95/cILuf647feSNbpwl/SaeWG77rCniF9QCGcSm5OYiJY0Hg66qDGfO6pwB5WKkv
67fgHy9ALR2Jjcu3TG13ak47Lhj+hsffxepiChnZkP3lL3/2qmRPk9Wd2em72Yv27AFwJV4UPmYN60TQIQbd95/cILuc647feSNbpwl/SaeWG77rCniF9QCGcSm5OYiJY0Hg66qDGfO6pwB5WKkv
ysHlAo/MPHigidPM7IK+quKi9bjfMSWlLEx5lxUEm88ha1Db1IzYshCGkdLDq5pf2pYZMkBB81zIvE4d7smsfl4Rmf78rqvJoKy24cGipjWga1u7viZ9hmw5AlAnYDd8nUTfwtH3V+HJP0CmK8lihqMk6bOvcl2Pme/rin0DE8ejtanE
QWfPt05k4rZQdGWR81sGlOKi9bjfMSWlLEx5lxUEm88ha1Db14zYshCGkdLDq5pf2pYfMkBB81zIvE4d7smsfl4Rmf78rqvJoKy24cGipjWga1u7viZ9hmw5AlAnYDd8nUTfwtH3V+HJP0CmK8lihqMk6bOvcl2Pme/rin0DE8ejtanE
37/kRn1IF92DObBUmgxJR+Ki9bjfMSSlLEx5lxUEm88ha1Db1IzYshCGkdLDq5pf2pYfMkBB81zIvE4d7smsfl4Rmf38rqvJoKy24cGipjWga1u7viZ9hmw5AlAnYDd8nUTfwtH3V+HJP0CmK8lihqMk6bOvcl2Pme/rin0DE8ejtanE
apGk9x83/uFU2ruLIPgtG+Ki9bjfMSSlLEx5lxUEm88ha1Db14zYshCGkdLDq5pf2pYZMkBB81zIvE4d7smsfl4Rmf38rqvJoKy24cGipjWga1u7viZ9hmw5AlAnYDd8nUTfwtH3V+HJP0CmK8lihqMk6bOvcl2Pme/rin0DE8ejtanE
9g7KnjaYjjhXfUXuFzmTYWYV8+kwq9ncOvviXCDRgUKbu4PS91yhhemJj9NG6vofMkpgjCymwAFaqYy0Kw00SSVtdm4fe0FpSg1SSP9P+/0UPqPiO9ilr+iH15vVO+e/p7uYI5C3RAjraY4+3/V32YaVTXmut8Tzl28UH86ltqnB
+nO9nFnyolNotWEzpGmlkdPMwr7RZHnu8ZUi5j6q+NuEfSdHnW9cSzFC+4uWjdzxJixcNJaZB2Hw1V7yEuTd67czX3st68+/j+vgQxgHnMgTeYYeh4UfWS4llZmmp/yzzx+cv3Z1Xqkp
GB9KeumeO1skvPJJkzQkWXYhz4R25fDev+47I3AxcnYHzlFBivHD3Ntq7ZtEPLy99xM2bxnShIOm2v+8l6P7l4voE4feATGzgFWq6O28LH4vVrFyH3B1Wd97VVkQ5F+3GoyvMonh6zz1NSVpWyip3cstT0OpNg==
sEldU7BvMvAP6metsPzPEr4sbI5KS5yXmGqW3+eAsuJm8Te84a2tdrk/efPzBLf0KT5QDRtYLD5VxdXV2bHs6wqCeybSMbXWF/Cj3J30m8uJk1M/ExNE81xPsOj/cYIO490jmdL9MQkiL1BTI9fYzxJNQqk1
CaFLcVnZxtm8U9o8S7Vhu0NTpNPFdhC09hjW3uqvlmz5q8fIi8tv4vYOHH5OTultM4OdWBlMhKLejZXEgob7mbull+2i08RelcY8LbvuGeytrPPotfOnT53/3c/qS/LT3phx7Qy2bUHNeTwh/7Fscx4jTYv29zxRTKk7
YSH9oPkeV5EbS8S5xScT8tJ4EyYSiirOIz1nRrHtRzyPzgL9kX1LbWro6JCThkdgdz9DF+F4q1se3Qmv8EmS9A1gFCJfCgnun+zNBa8nbYXw+GerapCX7kk9U6CFqZ31u/QRgbtxd1+pKg==
nLakGTqN48rP4OVQCgeyHb2z5pxai8JtF3Qv2kR/hEMCGeQ8mKI5hGZFB5u43t5fOTFgcE9He6jSydINlWE3JD2h6m23p8B2MVwHOMUoX7a5qwfF8TNgcuM1kgI7iCmHh25N6+Gjix71v6MDe1mpMA==
nm7ukClnTFAUFSSNind6/+nX12u6PRI/nF9QL63dmqereXqjWzkW7kys5YNdlk+0GBfIB0NoQ0YWuH/ZYBO1eTrG4FI+R9DBtPnlBXaxJncySzK9M5SB0CVOBBOXRRisj5fcB/Zfo9jnknsDbBBh5ywhPSeQwehie5arB2Nli8sVQDn1HoQ16Sf6DMVPE6SrSxZ4UdZzHp2paUgmPlsNxRhm2TnBubCZi+H4myJDESMCx2jJgKn3
oAgPHqmvzE7gISnXPraAdSYziATcsfy14eDQY1E31oqTlEAPOuvCCKCgv1OUcUmK3L7RR2B9Duk+jd5WYG5wvPYmjz6bkQKek/xpa59qPdcpdyuSTVtzXxNtqRw=
HcQCR8N/Tt5AR+ucRGQVUw6O30+faYAXgTiwMGHtpCs260JTHgyU6NhuugifNH+nWnwPQokRS0w1JQU52/jJzQudL3OpBg==
pYKCJmuNhLktzxLm34a2Sw2O30+faYAXgTiwMGHtpCs260JTHgyU6NhuugifNH+nWnwPQokRS0w1JQU52/jJzQudL3OpBg==
9/cH1juNzAZ08z4T44JZww6C0F6faYAXgTiwMGHtpCs260JTHgyU6NhuugifNH+nWnwPQokRS0w1JQU52/jJzQudL3OpBg==
umt28Q1CYsL5r/ZLaRyk1lw04t5xYL74Zo90anRlYYYHOSjm4Go6/Pz+YW57TOc8jxfBDTz23aEdeWyBD/EcU+6jHavmN6wxfKkL
ykOEgxsvbDZhRq9XsIKKLDQk9usoBCRLwre/Q7QBiTq8LlHXgM1OGR6d3kZAnjAMFrYPrvshwu6z7Gl7vxr9Z0nnqwKt6zOvM32pDA==
iunzJkaJ26n8+6MKU0ctQzYk9usoBCRLwre/Q7QBiTq8LlHXgM1OGR6d3kZAnjAMFrYPrvshwu6z7Gl7vxr9Z0nnqwKt6zOvM32pDA==
fQngRhs/7oPndPtOqnBo4TUk9usoBCRLwre/Q7QBiTq8LlHXgM1OGR6d3kZAnjAMFrYPrvshwu6z7Gl7vxr9Z0nnqwKt6zOvM32pDA==
qsiTRt8wBJgiAksVaIUAu1+TMDC2jLMgWxCD2qxeTEr10Qqkms9IshB1ZY7rGQQupNqehGB+/Zbf/CN0ozetBTjmOfkhuRBZq2GY20JDcWMiR0gJYKkX
LDGuFtK1RoaeQ28eyk3rTVyTMDC2jLMgWxCD2qxeTEr10Qqkms9IshB1ZY7rGQQupNqehGB+/Zbf/CN0ozetBTjmOfkhuRBZq2GY20JDcWMiR0gJYKkX
g0zDEjiQ/ME+bUde2E3asZ0/gXBQiXg3oqQ8CjerybjhfkYOBo63mdhw8O+ipgJ9Z4rhCW4KRvLMUKo+N0KNVMHQyacngbpuq23LGXqNeSnaHwgTm0dAb1odaqkd
YkX1kqbEQ00eLeMJ7XqgyZ4/gXBQiXg3oqQ8CjerybjhfkYOBo63mdhw8O+ipgJ9Z4rhCW4KRvLMUKo+N0KNVMHQyacngbpuq23LGXqNeSnaHwgTm0dAb1odaqkd
MNzc1N65R8v3yRmsSyDRsyc+iBnDo+vKv+TadnYK/Ly4iUY/dPzVDa6nv1OUcUmK3L7RR2B9Duk+jd5WYG5wvPYmjz6bkQKek/xpa59qPdcpdyuSTVtzXxNtqRw=
6Na/0TqiCSi2LlFQGbSiSSQ+iBnDo+vKv+TadnYK/Ly4iUY/dPzVDa6nv1OUcUmK3L7RR2B9Duk+jd5WYG5wvPYmjz6bkQKek/xpa59qPdcpdyuSTVtzXxNtqRw=
luIDlBhkIZcTG8fdT5ClxzMk9uooBCRLwre/Q7QBiTq8LlHXgM1OGR6d3kZAnjAMFrYPrvshwu6z7Gl7vxr9Z0nnqwKt6zOvM32pDA==
vV273bOdyR2PcZXqc9VCGi8ziATcsfy14eDQY1E31oqTlEAPOuvCCKCgv1OUcUmK3L7RR2B9Duk+jd5WYG5wvPYmjz6bkQKek/xpa59qPdcpdyuSTVtzXxNtqRw=
ZLyTan0z7ZirMeiZMn+VEzIk9uooBCRLwre/Q7QBiTq8LlHXgM1OGR6d3kZAnjAMFrYPrvshwu6z7Gl7vxr9Z0nnqwKt6zOvM32pDA==
i6V9QLiTlmlF5XVIuPh11jUk9uooBCRLwre/Q7QBiTq8LlHXgM1OGR6d3kZAnjAMFrYPrvshwu6z7Gl7vxr9Z0nnqwKt6zOvM32pDA==
6hWPL0JKC2RzMduGWsrtVzQk9uooBCRLwre/Q7QBiTq8LlHXgM1OGR6d3kZAnjAMFrYPrvshwu6z7Gl7vxr9Z0nnqwKt6zOvM32pDA==
CXiBVWwPJQOxPpjMl0E8cDYk9uooBCRLwre/Q7QBiTq8LlHXgM1OGR6d3kZAnjAMFrYPrvshwu6z7Gl7vxr9Z0nnqwKt6zOvM32pDA==
J1YQcDVlyxG5vnX7j9L1Xyc+iBnDo+vKvuTadnYK/Ly4iUY/dPzVDa6nv1OUcUmK3L7RR2B9Duk+jd5WYG5wvPYmjz6bkQKek/xpa59qPdcpdyuSTVtzXxNtqRw=
DdTNyQdqo6NIV0FnFH8onyQ+iBnDo+vKvuTadnYK/Ly4iUY/dPzVDa6nv1OUcUmK3L7RR2B9Duk+jd5WYG5wvPYmjz6bkQKek/xpa59qPdcpdyuSTVtzXxNtqRw=
OKX6YJT9qeVk/+5h68/wHXmqbsUe4N8C4Kh6K6WQoBd+Gl3ByZikVEomt9oVT8AC6NUNXjNZPN6MuoaUaH71hsccCwSb9/VV0EZBSak5mKkTATALGgOJU0pnUBloqR8=
ZJFbcRT1g1NCoCOBncMY4zYk9ukoBCRLwre/Q7QBiTq8LlHXgM1OGR6d3kZAnjAMFrYPrvshwu6z7Gl7vxr9Z0nnqwKt6zOvM32pDA==
i/fZa9Y/wjWfR078ak9uYjUk9ukoBCRLwre/Q7QBiTq8LlHXgM1OGR6d3kZAnjAMFrYPrvshwu6z7Gl7vxr9Z0nnqwKt6zOvM32pDA==
/Y5qaSNmBm4zY5KM+xbjuDIk9ukoBCRLwre/Q7QBiTq8LlHXgM1OGR6d3kZAnjAMFrYPrvshwu6z7Gl7vxr9Z0nnqwKt6zOvM32pDA==
mQZ5ABgiI+VYwexvDZnDejQk9ukoBCRLwre/Q7QBiTq8LlHXgM1OGR6d3kZAnjAMFrYPrvshwu6z7Gl7vxr9Z0nnqwKt6zOvM32pDA==
bs2a+ZtLQ4IA2iNoqqmBEjMk9ukoBCRLwre/Q7QBiTq8LlHXgM1OGR6d3kZAnjAMFrYPrvshwu6z7Gl7vxr9Z0nnqwKt6zOvM32pDA==
e3vw2Rh+lJO1WSLP/OHNmCc+iBnDo+vKveTadnYK/Ly4iUY/dPzVDa6nv1OUcUmK3L7RR2B9Duk+jd5WYG5wvPYmjz6bkQKek/xpa59qPdcpdyuSTVtzXxNtqRw=
SeXKwwX5XWNrG1gutGEgLyQ+iBnDo+vKveTadnYK/Ly4iUY/dPzVDa6nv1OUcUmK3L7RR2B9Duk+jd5WYG5wvPYmjz6bkQKek/xpa59qPdcpdyuSTVtzXxNtqRw=
kk1QrOIeB2ldL+6xUmdwe3mqbsAe4N8C4Kh6K6WQoBd+Gl3ByZikVEomt9oVT8AC6NUNXjNZPN6MuoaUaH71hsccCwSb9/VV0EZBSak5mKkTATALGgOJU0pnUBloqR8=
LY+qvwd58BkAUbn6klgO4AckzJRtEj3OHVWS75LG0r0XalGJ/qoWMvwwuj4nor0UEXBZJ5fhSi77jfsZiq0p6Wq/+JMLpxAvqj16qQ0=
ioBYvm3KvqW838NkLYzqgxZq663UHMAv1g6ODbsytelaErqigLg+vqMqQYS9yP3H8znmnifFP1lOZXUZBmfcs+/f/D+WNX6pCQ==
xaIMKwwW9TTJCsML+NjzpRdq663UHMAv1g6ODbsytelaErqigLg+vqMqQYS9yP3H8znmnifFP1lOZXUZBmfcs+/f/D+WNX6pCQ==
CD4VnZxpbDARQUoSNjZqWxRq663UHMAv1g6ODbsytelaErqigLg+vqMqQYS9yP3H8znmnifFP1lOZXUZBmfcs+/f/D+WNX6pCQ==
3e1U4s9NJF0HxNFSiytb4x8Dy9xhWL/8c490anRlYYYHOSjm4Go6/Pz+YW57TOc8jxfBDTz23aEdeWyBD/EcU+6jHavmN6wxfKkL
6+C05yfKPbJ18MF2qYl9hxwDy9xhWL/8c490anRlYYYHOSjm4Go6/Pz+YW57TOc8jxfBDTz23aEdeWyBD/EcU+6jHavmN6wxfKkL
hA4rQGPgk5rKe4DhLmiDox8Cy9xhWL/8c490anRlYYYHOSjm4Go6/Pz+YW57TOc8jxfBDTz23aEdeWyBD/EcU+6jHavmN6wxfKkL
SybXBQa+3pAchKCvN+gDkBwCy9xhWL/8c490anRlYYYHOSjm4Go6/Pz+YW57TOc8jxfBDTz23aEdeWyBD/EcU+6jHavmN6wxfKkL
p9Ck5mvR4kLuy5Sm1YN3ePHu1Ht14tzUaEEG96SUdeU+Lz/bBJnp4gx2kY+wFS4BLoXeXnCGUNQm7s/2S/midgN06OMPgp2/+b9rWp0zU7cDZakU
0hqT0m1KIdR8PamDx+NxQVDd7tNKISDhgnJUsM5nfx9MVTmW1Mrxaxi53pWWGV7a+ArAYL4Sb1KjlRKie6gop8fOzUuhg4s+tR8jozt5qRA=
EX9qlNiGDrzQGqy3EVRn03wDiatfsRsLXyVYWzGU6NwBATyHhmfa356ADGRowiLk/9gnC+ow1w5IXZMABQld1bsU0eE7kTd/qQo=
X6o8UgIymDuicPTYqwxacRzci6VrPS+8q23xJzdPMCK4Fb0+o9lMflz6tnR4fuXm99xbpGt3ZbVgBpFp2TioycPBQKuKgzmzGiegOXipDw==
twrhxxK2fSsN+a526E0W/gNc8q5pFn3EusZgxx/hEO/h4AB4oaVUcxbTUlseBITQ+DZKQF98z386hJ/KCJnbNNV9tfGbMLkVK6U/e6kO
KhK0zTGUFy6DBo7fMV5M9Cibhr4OO8vynQ06HnyAvK9unmZtY4L9KRLCgoJoyCa+u9oppIWYNYc7ib5+T1WH2Lb13blel5RzJ48EX74FZqkR
lxaztwsmszKrlyrBJ1pmzTaSk7wEG/3HsQA1FW+bqa9unmZtY4L9KRLCgoJoyCa+u9oppIWYNYc7ib5+T1WH2Lb13blel5RzJ48EX74FZqkR
jywE52gxV3au29BEwGiYegTQi7x9Ii+kvWjzNDdPMCK4Fb0+o9lMflz6tnR4fuXm99xbpGt3ZbVgBpFp2TioycPBQKuKgzmzGiegOXipDw==
WcRWa2VSHIXQkDJ6a8WbjB7Wi6BlIy+kvWjzNDdPMCK4Fb0+o9lMflz6tnR4fuXm99xbpGt3ZbVgBpFp2TioycPBQKuKgzmzGiegOXipDw==
Uu8pqRF63aVUub7M6JbdISgylqx74SoOXyVYWzGU6NwBATyHhmfa356ADGRowiLk/9gnC+ow1w5IXZMABQld1bsU0eE7kTd/qQo=
58RDqgdnG37h87ESyfrp8A5T7KRNKEnoushszh/hEO/h4AB4oaVUcxbTUlseBITQ+DZKQF98z386hJ/KCJnbNNV9tfGbMLkVK6U/e6kO
AuwMrDYBbM1cMrYGNq8HCFTS+81YABbM0HJAt8Jqfx9MVTmW1Mrxaxi53pWWGV7a+ArAYL4Sb1KjlRKie6gop8fOzUuhg4s+tR8jozt5qRA=
Sd5WwfcyOYeKtagpg6z6hmVI0b7LFtsv1g6ODbsytelaErqigLg+vqMqQYS9yP3H8znmnifFP1hOZXUZBmfcs+/f/D+WNX6pCQ==
Ge5Ihw0eNtJ4+/7BKIp5BB7Wi7tjAyCLumbjNDlPMCK4Fb0+o9lMflz6tnR4fuXm99xbpGt3ZbVgBpFp2TioycPBQKuKgzmzGiegOXipDw==
vbaHRJGFP6CtQMXjHXd9SAUuzJFjDD3OF16f75LG0r0XalGJ/qoWMvwwuj4nor0UEXBZJ5fhSi77jfsYiq0p6Wq/+JMLpxAvqj16qQ0=
3WrM8Oe/F99PspR8t6znJmIZxrMKXRVugrO/Q7QBiTq8LlHXgM1OGR6d3kZAnjAMFrYPrvshwu6z7Gh7vxr9Z0nnqwKt6zOvM32pDA==
zjcj5O0wayLW3qQmSpu6IMISFm8adnpdb5oJScb6zlIUILI+L7LV9EmgYWdPkbJOUz1zmAJdQUnSDyDT8/fID4ItcqkF
qK3gSDzpnxpAd2wZDpLqAScziATcsfy14eDQY1E31oqTlEAPOuvCCKCgv1OUcUmK3L7RR2B9Duk+jd5WYG5wvPYmjz6bkQKek/xoa59qPdcpdyuSTVtzXxNtqRw=
TijnvALiNqYRwAFYt9mEWvctNglVOD0TPIsWSdypi1QRI7M1QvbE406zandPkbJOUz1zmAJdQUnSDyDT8/fID4ItcqkF
VmkZUohwqJ9ZMXjolb9uUeX9Hq/Nsaz9g3TBlanJ5g9A5+6b7fwtbj6ojQ1xNQWrCeFqGLfq5g4veCQvZfjcg8IoQ84lEUM6eRzQewsV2IZhieUeJXGBh/zW6oAdCl18XYC0CucPtEpHupY3L1Y7Yw3O8rsz11NRIyT1A9w3Q9pzbfIKS/Co79d2baNRG0s25WdDi4uhqdg=
rVcYnkC9d8Gjez76KUfXk/ctNglVOD0TPI8UR9ypi1QRI7M1QvbE406zandPkbJOUz1zmAJdQUnSDyDT8/fID4ItcqkF
QdyYkVfHHg9U2CyD1et1TeKi9bjfMSWlLEx5lxUEm88ha1Db1ozYsBCGkdLDq5pf2pYbMkBB81zIvE4d7smsfl4Rmf78rqvJoKy248GipjWga1u7viZ9hmw5AlAnYDd8nUTfwtH3V+HJP0CmK8lihqMk6LOvcl2Pme/rin0DE8ejtanE
qLl7amvPA6ZtMgaEk0IOJuKi9bjfMSSlLEx5lxUEm88ha1Db1ozYsBCGkdLDq5pf2pYbMkBB81zIvE4d7smsfl4Rmf38rqvJoKy248GipjWga1u7viZ9hmw5AlAnYDd8nUTfwtH3V+HJP0CmK8lihqMk6LOvcl2Pme/rin0DE8ejtanE
+YvIsBxihQSgHwsm0Y5ilOKi9bjfMSSlLEx5lxUEm88ha1Db1IzYsBCGkdLDq5pf2pYfMkBB81zIvE4d7smsfl4Rmf38rqvJoKy248GipjWga1u7viZ9hmw5AlAnYDd8nUTfwtH3V+HJP0CmK8lihqMk6LOvcl2Pme/rin0DE8ejtanE
5+76F894eQEi7T1wyT8BMOKi9bjfMSbgZhJ/lxMCu9MmT2KIhJmnsSrIpv+Zr+UAxdVNUTAyw2bIoV8b//6qbGh31ru0/avFuY2Mu96EsxSebj/VgxY5uiQINBwnYDd8nUTfwtH3V+HJP0CmK8lihqMk6LOvcl2Pme/rin0DE8ejtanE
YMztR73ShT1mP2J/38KtDuKi9bjfMSWlLEx5lxUEm88ha1Db14zYsBCGkdLDq5pf2pYZMkBB81zIvE4d7smsfl4Rmf78rqvJoKy248GipjWga1u7viZ9hmw5AlAnYDd8nUTfwtH3V+HJP0CmK8lihqMk6LOvcl2Pme/rin0DE8ejtanE
COcAR1m80TmXgkq/NFvxPeKi9bjfMSSlLEx5lxUEm88ha1Db14zYsBCGkdLDq5pf2pYZMkBB81zIvE4d7smsfl4Rmf38rqvJoKy248GipjWga1u7viZ9hmw5AlAnYDd8nUTfwtH3V+HJP0CmK8lihqMk6LOvcl2Pme/rin0DE8ejtanE
EQjsSuoqE5ASXnKn9pvkti3Eeh5jIDddpykINBJb3YKZfDpJMVTxwQd9jxy8nBmoksuGR3yyV42Z36lVRBh8Vy0Re5SADQ9p3B7AVgYreoHZv2OTosjDmicnbnJRQ53Qo8J1Gs6rOCifIfEONApL2aGD0xcxf3EXHrvm+2I47YV45nl54bjQ2WthWFsCQzHjYkeIiaCp1w==
yNJF2uHHe07stTpAB7ZjZS3Eeh5jIDRdpykINBJb3YKZfDpJMVTxwQd9jxy8nBmoksuGR3yyV42Z36lVRBh8Vy0Re5SHDQ9p3B7AVgYreoHZv2OTosjDmicnbnJRQ53Qo8J1Gs6rOCifIfEONApL2aGD0xcxf3EXHrvm+2I47YV45nl54bjQ2WthWFsCQzHjYkeIiaCp1w==
DjDKvManuJxnXZWWlPKcGy3Eeh5jIDddpykINBJb3YKZfDpJMVTywQd9jxy8nBmoksuGR3yyV42Z36lVRBh8Vy0Re5SADQ9p3B7AVgYreoHZv2OTosvDmicnbnJRQ53Qo8J1Gs6rOCifIfEONApL2aGD0xcxf3EXHrvm+2I47YV45nl54bjQ2WthWFsCQzHjYkeIiaCp1w==
alUKHx9F13wzPMJb3EMW6S3Eeh5jIDRdpykINBJb3YKZfDpJMVTywQd9jxy8nBmoksuGR3yyV42Z36lVRBh8Vy0Re5SHDQ9p3B7AVgYreoHZv2OTosvDmicnbnJRQ53Qo8J1Gs6rOCifIfEONApL2aGD0xcxf3EXHrvm+2I47YV45nl54bjQ2WthWFsCQzHjYkeIiaCp1w==
3sk/QzUiFuL/ZtSwK+pin+Ki9bjfMSWlLEx5lxUEm88ha1Db0YzYsRCGkdLDq5pf2pYVMkBB81zIvE4d7smsfl4Rmf78rqvJoKy24sGipjWga1u7viZ9hmw5AlAnYDd8nUTfwtH3V+HJP0CmK8lihqMk6LOvcl2Pme/rin0DE8ejtanE
+GxswKXh8ikDuEZ+pM+PQeKi9bjfMSzgZhJ/lxMCu9MmT2KIhJmnsirIpv+Zr+UBxdVNUTAyw2bIoV8b//6qbGh31ru0/KvFuY2Mu96EsxSebj/QgxY4uiQINBwnYDd8nUTfwtH3V+HJP0CmK8lihqMk6LOvcl2Pme/rin0DE8ejtanE
WCU5Ao/jcyeSOO8m7UVj1eKi9bjfMSWlLEx5lxUEm88ha1Db0IzYsRCGkdLDq5pf2pYdMUBB81zIvE4d7smsfl4Rmf78rqvJoKy24sGipjWga1u7viZ9hmw5AlAnYDd8nUTfwtH3V+HJP0CmK8lihqMk6LOvcl2Pme/rin0DE8ejtanE
Q+iYVCq8UlqQMm3oQ4YPheKi9bjfMSTjZhJ/lxMCu9MmT2KIhJmnsirIpv+Zr+UBxdVNUTAyw2bIoV8b//6qbGh31ru0/KvFuY2Mu96EsxSebj/RgxY4uiQINBwnYDd8nUTfwtH3V+HJP0CmK8lihqMk6LOvcl2Pme/rin0DE8ejtanE
FgklRhgxlehqeugVnUg+rOKi9bjfMSDgZhJ/lxMCu9MmT2KIhJmnsirIpv+Zr+UBxdVNUTAyw2bIoV8b//6qbGh31ru0/KvFuY2Mu96EsxSebj/WgxY4uiQINBwnYDd8nUTfwtH3V+HJP0CmK8lihqMk6LOvcl2Pme/rin0DE8ejtanE
FdIO9zdTG1tXWZLhnVTvV+Ki9bjfMSDgZhJ/lxMCu9MmT2KIhJmnsSrIpv+Zr+UBxdVNUTAyw2bIoV8b//6qbGh31ru0/avFuY2Mu96EsxSebj/WgxY4uiQINBwnYDd8nUTfwtH3V+HJP0CmK8lihqMk6LOvcl2Pme/rin0DE8ejtanE
SDj40VCpqI9oKKe4+gNxW+Ki9bjfMSSlLEx5lxUEm88ha1Db1ozYsRCGkdLDq5pf2pYbMkBB81zIvE4d7smsfl4Rmf38rqvJoKy24sGipjWga1u7viZ9hmw5AlAnYDd8nUTfwtH3V+HJP0CmK8lihqMk6LOvcl2Pme/rin0DE8ejtanE
dFbc1/HqhMO1TngrXr9szuKi9bjfMSLgZhJ/lxMCu9MmT2KIhJmnsSrIpv+Zr+UBxdVNUTAyw2bIoV8b//6qbGh31ru0/avFuY2Mu96EsxSebj/XgxY4uiQINBwnYDd8nUTfwtH3V+HJP0CmK8lihqMk6LOvcl2Pme/rin0DE8ejtanE
alNJLzQjOB3HHEZG0hp0EOKi9bjfMSSlLEx5lxUEm88ha1Db1IzYsRCGkdLDq5pf2pYfMkBB81zIvE4d7smsfl4Rmf38rqvJoKy24sGipjWga1u7viZ9hmw5AlAnYDd8nUTfwtH3V+HJP0CmK8lihqMk6LOvcl2Pme/rin0DE8ejtanE
NcAxBL0Q+Kr0j3CRrpDRn+Ki9bjfMSWlLEx5lxUEm88ha1Db1IzYsRCGkdLDq5pf2pYfMkBB81zIvE4d7smsfl4Rmf78rqvJoKy24sGipjWga1u7viZ9hmw5AlAnYDd8nUTfwtH3V+HJP0CmK8lihqMk6LOvcl2Pme/rin0DE8ejtanE
ZC9vy4bfjUG54etQUJXHcS3Eeh5jIDddpykINBJb3YKZfDpJMVTywQd9jxy8nBioksuGR3yyV42Z36lVRBh8Vy0Re5SGDQ9p3B7AVgYreoHZv2OTosvDmicnbnJRQ53Qo8J1Gs6rOCifIfEONApL2aGD0xcxf3EXHrvm+2I47YV45nl54bjQ2WthWFsCQzHjYkeIiaCp1w==
ZVj5PoG36/XpIvByYcMHKy3Eeh5jIDRdpykINBJb3YKZfDpJMVTywQd9jxy8nBioksuGR3yyV42Z36lVRBh8Vy0Re5SFDQ9p3B7AVgYreoHZv2OTosvDmicnbnJRQ53Qo8J1Gs6rOCifIfEONApL2aGD0xcxf3EXHrvm+2I47YV45nl54bjQ2WthWFsCQzHjYkeIiaCp1w==
C2tF3KDyxugXQ70AAvox+y3Eeh5jIDddpykINBJb3YKZfDpJMVTxwQd9jxy8nBioksuGR3yyV42Z36lVRBh8Vy0Re5SGDQ9p3B7AVgYreoHZv2OTosjDmicnbnJRQ53Qo8J1Gs6rOCifIfEONApL2aGD0xcxf3EXHrvm+2I47YV45nl54bjQ2WthWFsCQzHjYkeIiaCp1w==
bOftxDCZvE4S/qJ+pNlNCS3Eeh5jIDRdpykINBJb3YKZfDpJMVTxwQd9jxy8nBioksuGR3yyV42Z36lVRBh8Vy0Re5SFDQ9p3B7AVgYreoHZv2OTosjDmicnbnJRQ53Qo8J1Gs6rOCifIfEONApL2aGD0xcxf3EXHrvm+2I47YV45nl54bjQ2WthWFsCQzHjYkeIiaCp1w==
UfqI8NEhY30FS8f37X1lAOKi9bjfMSTjZhJ/lxMCu9MmT2KIhJmnsSrIpv+Zr+UCxdVNUTAyw2bIoV8b//6qbGh31ru0/avFuY2Mu96EsxSebj/RgxY7uiQINBwnYDd8nUTfwtH3V+HJP0CmK8lihqMk6LOvcl2Pme/rin0DE8ejtanE
47liRbGeqaUJ4XWzZeUeZ+Ki9bjfMSTjZhJ/lxMCu9MmT2KIhJmnsirIpv+Zr+UCxdVNUTAyw2bIoV8b//6qbGh31ru0/KvFuY2Mu96EsxSebj/RgxY7uiQINBwnYDd8nUTfwtH3V+HJP0CmK8lihqMk6LOvcl2Pme/rin0DE8ejtanE
185DCQ96COiO0/+1B7Jl/eKi9bjfMSLgZhJ/lxMCu9MmT2KIhJmnsirIpv+Zr+UCxdVNUTAyw2bIoV8b//6qbGh31ru0/KvFuY2Mu96EsxSebj/XgxY7uiQINBwnYDd8nUTfwtH3V+HJP0CmK8lihqMk6LOvcl2Pme/rin0DE8ejtanE
FoNMJB/ik/UOJFQEG5CkXeKi9bjfMSLgZhJ/lxMCu9MmT2KIhJmnsSrIpv+Zr+UCxdVNUTAyw2bIoV8b//6qbGh31ru0/avFuY2Mu96EsxSebj/XgxY7uiQINBwnYDd8nUTfwtH3V+HJP0CmK8lihqMk6LOvcl2Pme/rin0DE8ejtanE
MyIGiMaV4JRcP4+XcRs4BeKi9bjfMSzgZhJ/lxMCu9MmT2KIhJmnsirIpv+Zr+UCxdVNUTAyw2bIoV8b//6qbGh31ru0/KvFuY2Mu96EsxSebj/QgxY7uiQINBwnYDd8nUTfwtH3V+HJP0CmK8lihqMk6LOvcl2Pme/rin0DE8ejtanE
8CsjM0dardkx6M/BdQl39+Ki9bjfMSzgZhJ/lxMCu9MmT2KIhJmnsSrIpv+Zr+UCxdVNUTAyw2bIoV8b//6qbGh31ru0/avFuY2Mu96EsxSebj/QgxY7uiQINBwnYDd8nUTfwtH3V+HJP0CmK8lihqMk6LOvcl2Pme/rin0DE8ejtanE
wGbKCBxlDqYI9WLH0rse7y3Eeh5jIDddpykINBJb3YKZfDpJMVTywQd9jxy8nBuoksuGR3yyV42Z36lVRBh8Vy0Re5SEDQ9p3B7AVgYreoHZv2OTosvDmicnbnJRQ53Qo8J1Gs6rOCifIfEONApL2aGD0xcxf3EXHrvm+2I47YV45nl54bjQ2WthWFsCQzHjYkeIiaCp1w==
t7sZlCP5CqVst0TDAo0y0y3Eeh5jIDRdpykINBJb3YKZfDpJMVTywQd9jxy8nBuoksuGR3yyV42Z36lVRBh8Vy0Re5SLDQ9p3B7AVgYreoHZv2OTosvDmicnbnJRQ53Qo8J1Gs6rOCifIfEONApL2aGD0xcxf3EXHrvm+2I47YV45nl54bjQ2WthWFsCQzHjYkeIiaCp1w==
9gMDZHERn8Js8yM19XIwjC3Eeh5jIDddpykINBJb3YKZfDpJMVTxwQd9jxy8nBuoksuGR3yyV42Z36lVRBh8Vy0Re5SEDQ9p3B7AVgYreoHZv2OTosjDmicnbnJRQ53Qo8J1Gs6rOCifIfEONApL2aGD0xcxf3EXHrvm+2I47YV45nl54bjQ2WthWFsCQzHjYkeIiaCp1w==
p5bSOIetUDfhPC52Uc2qrS3Eeh5jIDRdpykINBJb3YKZfDpJMVTxwQd9jxy8nBuoksuGR3yyV42Z36lVRBh8Vy0Re5SLDQ9p3B7AVgYreoHZv2OTosjDmicnbnJRQ53Qo8J1Gs6rOCifIfEONApL2aGD0xcxf3EXHrvm+2I47YV45nl54bjQ2WthWFsCQzHjYkeIiaCp1w==
b08cDO52eiG/OBjWmPNI9jBO0H1rmoch087/vs3huWAgceHwJsdILNdMI5vVB4tTutzhvr6fZAVlY38InOrnPVFVMdfIWBrDrE1lJhExcDxuDVONgduL88uc4xScNujLHgRpOfcCIjpdNYfbpVv3v7dbaONAF/SIewn+fo/VR9h2dZ25HhdUc+cPRF/+haap0Q==
nJYKmvpmkTjpb1j//TORCTBO0H1rmoch087/vs3huWAgceHwJsdLLNdMI5vVB4tTutzhvr6fZAVlY38InOrnPVFVMdfIWBrCrE1lJhExcDxuDVONgduL88uc4xScNujLHgRpOfcCIjpdNYfbpVv3v7dbaONAF/SIewn+fo/VR9h2dZ25HhdUc+cPRF/+haap0Q==
928YWMY425/WtUp3JzIzRjBO0H1rmoYh087/vs3huWAgceHwJsdILM1KI4fNBqZ1ivDunJWyRSh5bVxGluy1bilFKsaGGlCbrG1/JxUfJEhFFlG/yJ6H88uc5RqDNujLHgRpOfcCIjpdNYfbpVv3v7dbaONAF/SIewn+fo/VR9h2dZ25HhdUc+cPRF/+haap0Q==
sLOuuOoaFkVRKbwUHLCEPTBO0H1rmoYh0s7/vs3huWAgceHwJsdILM1KI4fNBqZ1ivDunJWyRSh5bVxGluy1bilFKsaGGlCbrG1/JxUfJEtFFlG/yJ6H88uc5RqDNujLHgRpOfcCIjpdNYfbpVv3v7dbaONAF/SIewn+fo/VR9h2dZ25HhdUc+cPRF/+haap0Q==
zwSFG/XfTeor+SE9fF1qb2YV8+kwq9ncOvviXCDRgUKbu4PS91yihemJj9NG6vofMkpgjCymwAFaqYy0Kw00SSVsdm4fe0FpSg1SSP9P+/0UPqPiO9ilr+iH15vVO+e/p7uYI5C3RAjraY4+3/V32IaVTXmut8Tzl28UH86ltqnB
BrMykQDMp9JVmtHRN4tUZb2z5pxai8JtFnQv2kR/hEMCGeQ8mKI5hGZFB5u43t5fOTFgcE9CZreW2NkRgmwrFQym+ErRtsNpOVwHOMUoX7a5qwfF8TNgcuM1kgI7iCiHh25N6+Gjix71v6MDe1mpMA==
YFSoz5o68FN0v8maJu1iOuVEncJnCC9CyG57eXIZT4cPYT+zpiUJVmVyGhwxJinP9bLpztL0Z0XoFN+7mIYhfMtvLrv8i7PrkWNLPwtjXNN0v3gotyHqrltN2xhqbUlpiv+Yk+vnsK8KfVqpLQ==
ghGefVYglx6RC9CUK6t+SE47Lhj+hsTfxepiChnZkP3lL3/2qmRPk9We2em72Yv27AJwJV4UPmYN60TQIQbd95/cILuf647feSNbpwl/SaeWG77rCniF9QCGcSm5OIiJY0Hg66qDGfO6pwB5WKkv
F60qKtJMPZeWsNszYTTsyU47Lhj+hsffxepiChnZkP3lL3/2qmRPk9Wd2em72Yv27AFwJV4UPmYN60TQIQbd95/cILuc647feSNbpwl/SaeWG77rCniF9QCGcSm5OIiJY0Hg66qDGfO6pwB5WKkv
gkoL42PcHmBwKS9LEmHd2uKi9bjfMSWlLEx5lxUEm88ha1Db1IzYshCGkdLDq5pf2pYZMkBB81zIvE4d7smsfl4Rmf78rqvJoKy24cGipjWga1u7viZ9hmw5AlAnYDd8nUTfwtH3V+HJP0CmK8lihqMk6LOvcl2Pme/rin0DE8ejtanE
j/Vuqfs8AE9YfdgYdyhJG+Ki9bjfMSWlLEx5lxUEm88ha1Db14zYshCGkdLDq5pf2pYfMkBB81zIvE4d7smsfl4Rmf78rqvJoKy24cGipjWga1u7viZ9hmw5AlAnYDd8nUTfwtH3V+HJP0CmK8lihqMk6LOvcl2Pme/rin0DE8ejtanE
4zqP552vt6sJ0MQ55jxK6OKi9bjfMSSlLEx5lxUEm88ha1Db1IzYshCGkdLDq5pf2pYfMkBB81zIvE4d7smsfl4Rmf38rqvJoKy24cGipjWga1u7viZ9hmw5AlAnYDd8nUTfwtH3V+HJP0CmK8lihqMk6LOvcl2Pme/rin0DE8ejtanE
kph76EsF8b//lZg4FmqyueKi9bjfMSSlLEx5lxUEm88ha1Db14zYshCGkdLDq5pf2pYZMkBB81zIvE4d7smsfl4Rmf38rqvJoKy24cGipjWga1u7viZ9hmw5AlAnYDd8nUTfwtH3V+HJP0CmK8lihqMk6LOvcl2Pme/rin0DE8ejtanE
vKpZ1G8yJmP9+aBrwyLvPGYV8+kwq9ncOvviXCDRgUKbu4PS91yhhemJj9NG6vofMkpgjCymwAFaqYy0Kw00SSVtdm4fe0FpSg1SSP9P+/0UPqPiO9ilr+iH15vVO+e/p7uYI5C3RAjraY4+3/V32IaVTXmut8Tzl28UH86ltqnB
IeRbzaEf6XXKCZjFiOuPsdPMwr7RZHnu8ZUi5j6q+NuEfSdHnW9cSzFC+4uWjdzxJixcNJaZB2Hw1V7yEuTd67czX3st68+/j+vgQxgHnMgTeYYeh4UfWC4llZmmp/yzzx+cv3Z1Xqkp
CotgNgUHaF06qIEMRaRPenYhz4R25fDev+47I3AxcnYHzlFBivHD3Ntq7ZtEPLy99xM2bxnShIOm2v+8l6P7l4voE4feATGzgFWq6O28LH4vVrFyH3B1Wd97VVkQ5F+3GoyvMojh6zz1NSVpWyip3cstT0OpNg==
VjC9sdoJBEuBqC2zghF10b4sbI5KS5yXmGqW3+eAsuJm8Te84a2tdrk/efPzBLf0KT5QDRtYLD5VxdXV2bHs6wqCeybSMbXWF/Cj3J30m8uJk1M/ExNE81xPsOj/cYIO490jmNL9MQkiL1BTI9fYzxJNQqk1
dFj9wVL7WqEoydP/lNKgyENTpNPFdhC09hjW3uqvlmz5q8fIi8tv4vYOHH5OTultM4OdWBlMhKLejZXEgob7mbull+2i08RelcY8LbvuGeytrPPotfOnT53/3c/qS/LT3phx7Qy2bUHNeDwh/7Fscx4jTYv29zxRTKk7
KWN5Gxhpq7d6cw8XYQnm+NJ4EyYSiirOIz1nRrHtRzyPzgL9kX1LbWro6JCThkdgdz9DF+F4q1se3Qmv8EmS9A1gFCJfCgnun+zNBa8nbYXw+GerapCX7kg9U6CFqZ31u/QRgbtxd1+pKg==
RQ63LvtmxErUYbsAky49cL2z5pxai8JtF3Qv2kR/hEMCGeQ8mKI5hGZFB5u43t5fOTFgcE9He6jSydINlWE3JD2h6m23p8B2MVwHOMUoX7a5qwfF8TNgcuM1kgI7iCiHh25N6+Gjix71v6MDe1mpMA==
ydwbTDMYiCKp8WQGJmQfH+nX12u6PRI/nF9QL63dmqereXqjWzkW7kys5YNdlk+0GBfIB0NoQ0YWuH/ZYBO1eTrG4FI+R9DBtPnlBXaxJncySzK9M5SB0CVOBBOXRRisj5fcB/Zfo9jnknsDbBBh5ywhPSeQwehie5arB2Nli8sVQDn1HoQ16Sf6DMVPE6SrSxZ4UdZzHp2paUgmPlsNxRhm2TnBuLCZi+H4myJDESMCx2jJgKn3
QBXuKjCGsfVryE+VKhKlPSYziATcsfy14eDQY1E31oqTlEAPOuvCCKCgv1OUcUmK3L7RR2B9Duk+jd5WYG5wvPYmjz6bkQKek/xoa59qPdcpdyuSTVtzXxNtqRw=
cikRqrdm8wLa8tRaWTFBFA6O30+faYAXgTiwMGHtpCs260JTHgyU6NhuugifNH+nWnwPQogRS0w1JQU52/jJzQudL3OpBg==
ErWzLBUsuI1Y0qGPxDS1CA2O30+faYAXgTiwMGHtpCs260JTHgyU6NhuugifNH+nWnwPQogRS0w1JQU52/jJzQudL3OpBg==
TAjXLIhzqWfGx5Gtj2lR7A6C0F6faYAXgTiwMGHtpCs260JTHgyU6NhuugifNH+nWnwPQogRS0w1JQU52/jJzQudL3OpBg==
vHwzrWotHTCSw3NbR3V6ulw04t5xYL74Zo90anRlYYYHOSjm4Go6/Pz+YW57TOc8jxfBDTz23aEdeGyBD/EcU+6jHavmN6wxfKkL
5kRn4kOX9sI0qnQfMTEH1DQk9usoBCRLwre/Q7QBiTq8LlHXgM1OGR6d3kZAnjAMFrYPrvshwu6z7Gh7vxr9Z0nnqwKt6zOvM32pDA==
xCj87ChmYuU6nNk0IaKOBTYk9usoBCRLwre/Q7QBiTq8LlHXgM1OGR6d3kZAnjAMFrYPrvshwu6z7Gh7vxr9Z0nnqwKt6zOvM32pDA==
Nbbs/mFELripP0nUQ36yjDUk9usoBCRLwre/Q7QBiTq8LlHXgM1OGR6d3kZAnjAMFrYPrvshwu6z7Gh7vxr9Z0nnqwKt6zOvM32pDA==
6pA+Zp8CwsRksnQv8ywLvV+TMDC2jLMgWxCD2qxeTEr10Qqkms9IshB1ZY7rGQQupNqehGB+/Zbf/CN0ozetBTjmOfkhuBBZq2GY20JDcWMiR0gJYKkX
2zMYq+kt7cjDBqXoGM7TalyTMDC2jLMgWxCD2qxeTEr10Qqkms9IshB1ZY7rGQQupNqehGB+/Zbf/CN0ozetBTjmOfkhuBBZq2GY20JDcWMiR0gJYKkX
3DeOBpCLRQRHT279x8rfBZ0/gXBQiXg3oqQ8CjerybjhfkYOBo63mdhw8O+ipgJ9Z4rhCW4KRvLMUKo+N0KNVMHQyacngbpuq23LGHqNeSnaHwgTm0dAb1odaqkd
8NyRnjMRTlnD8Mgu4F81sp4/gXBQiXg3oqQ8CjerybjhfkYOBo63mdhw8O+ipgJ9Z4rhCW4KRvLMUKo+N0KNVMHQyacngbpuq23LGHqNeSnaHwgTm0dAb1odaqkd
3vyOY7uPp2Zfj4HY9WF/qyc+iBnDo+vKv+TadnYK/Ly4iUY/dPzVDa6nv1OUcUmK3L7RR2B9Duk+jd5WYG5wvPYmjz6bkQKek/xoa59qPdcpdyuSTVtzXxNtqRw=
LjQ7D8a8UKzdEREd0Fk13iQ+iBnDo+vKv+TadnYK/Ly4iUY/dPzVDa6nv1OUcUmK3L7RR2B9Duk+jd5WYG5wvPYmjz6bkQKek/xoa59qPdcpdyuSTVtzXxNtqRw=
AFmMXYOfGaekk4M8LeQ1ETMk9uooBCRLwre/Q7QBiTq8LlHXgM1OGR6d3kZAnjAMFrYPrvshwu6z7Gh7vxr9Z0nnqwKt6zOvM32pDA==
F5c35tT3TEnE6Fhnef4rMS8ziATcsfy14eDQY1E31oqTlEAPOuvCCKCgv1OUcUmK3L7RR2B9Duk+jd5WYG5wvPYmjz6bkQKek/xoa59qPdcpdyuSTVtzXxNtqRw=
hkGgRZ8yCuQPFaQIvbrWNzIk9uooBCRLwre/Q7QBiTq8LlHXgM1OGR6d3kZAnjAMFrYPrvshwu6z7Gh7vxr9Z0nnqwKt6zOvM32pDA==
4nqZmG5lEWkKr4sxAU5JsjUk9uooBCRLwre/Q7QBiTq8LlHXgM1OGR6d3kZAnjAMFrYPrvshwu6z7Gh7vxr9Z0nnqwKt6zOvM32pDA==
UNf8so96bpsdNnwbejev7DQk9uooBCRLwre/Q7QBiTq8LlHXgM1OGR6d3kZAnjAMFrYPrvshwu6z7Gh7vxr9Z0nnqwKt6zOvM32pDA==
b4pMX5vvGJiNg6hQY7LNizYk9uooBCRLwre/Q7QBiTq8LlHXgM1OGR6d3kZAnjAMFrYPrvshwu6z7Gh7vxr9Z0nnqwKt6zOvM32pDA==
39pbbPxf6nnQrrm8XxW9+Sc+iBnDo+vKvuTadnYK/Ly4iUY/dPzVDa6nv1OUcUmK3L7RR2B9Duk+jd5WYG5wvPYmjz6bkQKek/xoa59qPdcpdyuSTVtzXxNtqRw=
zwfWqt+8+Vg/iB6GzI75oyQ+iBnDo+vKvuTadnYK/Ly4iUY/dPzVDa6nv1OUcUmK3L7RR2B9Duk+jd5WYG5wvPYmjz6bkQKek/xoa59qPdcpdyuSTVtzXxNtqRw=
q06UZFr/F6C5yefJOaCK0HmqbsUe4N8C4Kh6K6WQoBd+Gl3ByZikVEomt9oVT8AC6NUNXjNZPN6MuoaUaH71hsccCwSb9/VV0EZBSak4mKkTATALGgOJU0pnUBloqR8=
mTGj5Nq9rqRkkF0hKERvZDYk9ukoBCRLwre/Q7QBiTq8LlHXgM1OGR6d3kZAnjAMFrYPrvshwu6z7Gh7vxr9Z0nnqwKt6zOvM32pDA==
YCFvlOMP3G1AlkO1yb/7fjUk9ukoBCRLwre/Q7QBiTq8LlHXgM1OGR6d3kZAnjAMFrYPrvshwu6z7Gh7vxr9Z0nnqwKt6zOvM32pDA==
H1/TALbnAzlY1Ep9u+B30jIk9ukoBCRLwre/Q7QBiTq8LlHXgM1OGR6d3kZAnjAMFrYPrvshwu6z7Gh7vxr9Z0nnqwKt6zOvM32pDA==
3WGveiosx5wPkmVB2OmGqzQk9ukoBCRLwre/Q7QBiTq8LlHXgM1OGR6d3kZAnjAMFrYPrvshwu6z7Gh7vxr9Z0nnqwKt6zOvM32pDA==
HBpEonLjb474oDY2CwjtCDMk9ukoBCRLwre/Q7QBiTq8LlHXgM1OGR6d3kZAnjAMFrYPrvshwu6z7Gh7vxr9Z0nnqwKt6zOvM32pDA==
2y0eefd2EZpfuUTW0qcsEyc+iBnDo+vKveTadnYK/Ly4iUY/dPzVDa6nv1OUcUmK3L7RR2B9Duk+jd5WYG5wvPYmjz6bkQKek/xva59qPdcpdyuSTVtzXxNtqRw=
qMRW9yTJeOCDr9UHBba65SQ+iBnDo+vKveTadnYK/Ly4iUY/dPzVDa6nv1OUcUmK3L7RR2B9Duk+jd5WYG5wvPYmjz6bkQKek/xva59qPdcpdyuSTVtzXxNtqRw=
TJgFbhv9GCHGar4acOvsBnmqbsAe4N8C4Kh6K6WQoBd+Gl3ByZikVEomt9oVT8AC6NUNXjNZPN6MuoaUaH71hsccCwSb9/VV0EZBSak/mKkTATALGgOJU0pnUBloqR8=
twbLhZV4fXthrwBbmp6huwckzJRtEj3OHVWS75LG0r0XalGJ/qoWMvwwuj4nor0UEXBZJ5fhSi77jfsfiq0p6Wq/+JMLpxAvqj16qQ0=
gmNif+YBozrlCnTTGcN4fBZq663UHMAv1g6ODbsytelaErqigLg+vqMqQYS9yP3H8znmnifFP19OZXUZBmfcs+/f/D+WNX6pCQ==
+KVpl/FWsXgGzuzJ1Yh2Uhdq663UHMAv1g6ODbsytelaErqigLg+vqMqQYS9yP3H8znmnifFP19OZXUZBmfcs+/f/D+WNX6pCQ==
501sQMsRJQdkqZkmsMcG5BRq663UHMAv1g6ODbsytelaErqigLg+vqMqQYS9yP3H8znmnifFP19OZXUZBmfcs+/f/D+WNX6pCQ==
y0KE4UxXZZ/Ij0mM8Lj23R8Dy9xhWL/8c490anRlYYYHOSjm4Go6/Pz+YW57TOc8jxfBDTz23aEdf2yBD/EcU+6jHavmN6wxfKkL
htSJ0V7vy8FM9DQTtRvcGRwDy9xhWL/8c490anRlYYYHOSjm4Go6/Pz+YW57TOc8jxfBDTz23aEdf2yBD/EcU+6jHavmN6wxfKkL
c/INwfmTs4tYF46MaL1RRh8Cy9xhWL/8c490anRlYYYHOSjm4Go6/Pz+YW57TOc8jxfBDTz23aEdf2yBD/EcU+6jHavmN6wxfKkL
EK9KaX7ah5Tf3dauRKepphwCy9xhWL/8c490anRlYYYHOSjm4Go6/Pz+YW57TOc8jxfBDTz23aEdf2yBD/EcU+6jHavmN6wxfKkL
vUVbi5+WbXtM2usOEeFFgvHu1Ht14tzUaEEG96SUdeU+Lz/bBJnp4gx2kY+wFS4BLoXeXnCGUNQm7s/2S/midgN07+MPgp2/+b9rWp0zU7cDZakU
JFa3RPcAMHAXayADNmN2NVDd7tNKISDhgnJUsM5nfx9MVTmW1Mrxaxi53pWWGV7a+ArAYL4Sb1KjlRKie6gvp8fOzUuhg4s+tR8jozt5qRA=
IqDoI9+/zVCM3pJon4eGh3wDiatfsRsLXyVYWzGU6NwBATyHhmfa356ADGRowiLk/9gnC+ow1w5PXZMABQld1bsU0eE7kTd/qQo=
bwTC+tP5QczBnOHxJs5BlBzci6VrPS+8q23xJzdPMCK4Fb0+o9lMflz6tnR4fuXm99xbpGt3ZbVgBpFp2T+oycPBQKuKgzmzGiegOXipDw==
ajJp66kn6K7HO7mv60XjCwNc8q5pFn3EusZgxx/hEO/h4AB4oaVUcxbTUlseBITQ+DZKQF98z386hJ/KD5nbNNV9tfGbMLkVK6U/e6kO
I+SAsqNf+dO5FBm0bNluYyibhr4OO8vynQ06HnyAvK9unmZtY4L9KRLCgoJoyCa+u9oppIWYNYc7ib5+T1WH37b13blel5RzJ48EX74FZqkR
0PVDEg+8pjqd3BacfXiU7jaSk7wEG/3HsQA1FW+bqa9unmZtY4L9KRLCgoJoyCa+u9oppIWYNYc7ib5+T1WH37b13blel5RzJ48EX74FZqkR
QwPBXtfE+KfNoj+nwV35eATQi7x9Ii+kvWjzNDdPMCK4Fb0+o9lMflz6tnR4fuXm99xbpGt3ZbVgBpFp2T+oycPBQKuKgzmzGiegOXipDw==
5CLIqLEqbX5Cwg4I7hkMZB7Wi6BlIy+kvWjzNDdPMCK4Fb0+o9lMflz6tnR4fuXm99xbpGt3ZbVgBpFp2T+oycPBQKuKgzmzGiegOXipDw==
pFfNHoa9cdwXVDSmb4nHtSgylqx74SoOXyVYWzGU6NwBATyHhmfa356ADGRowiLk/9gnC+ow1w5PXZMABQld1bsU0eE7kTd/qQo=
lSDC1k5IgKqadNPs4sQQBQ5T7KRNKEnoushszh/hEO/h4AB4oaVUcxbTUlseBITQ+DZKQF98z386hJ/KD5nbNNV9tfGbMLkVK6U/e6kO
C4VQR0kjgTM19IWOl9+KT1TS+81YABbM0HJAt8Jqfx9MVTmW1Mrxaxi53pWWGV7a+ArAYL4Sb1KjlRKie6gvp8fOzUuhg4s+tR8jozt5qRA=
gxl2feqoUn8YJ2PVt0mfL2VI0b7LFtsv1g6ODbsytelaErqigLg+vqMqQYS9yP3H8znmnifFP19OZXUZBmfcs+/f/D+WNX6pCQ==
fTAqCbgfj0ACLRqAknz2sB7Wi7tjAyCLumbjNDlPMCK4Fb0+o9lMflz6tnR4fuXm99xbpGt3ZbVgBpFp2T+oycPBQKuKgzmzGiegOXipDw==
Xk02Qs2CNIHtzT/6mf/EuwUuzJFjDD3OF16f75LG0r0XalGJ/qoWMvwwuj4nor0UEXBZJ5fhSi77jfsfiq0p6Wq/+JMLpxAvqj16qQ0=
MjXmqbt00T7bydvLPtrlo2IZxrMKXRVugrO/Q7QBiTq8LlHXgM1OGR6d3kZAnjAMFrYPrvshwu6z7G97vxr9Z0nnqwKt6zOvM32pDA==
cwUnz95hs/j+sSAzoM2StMISFm8adnpdb5oJScb6zlIUILI+L7LV9EmgYWdPkbJOUz1znwJdQUnSDyDT8/fID4ItcqkF
TaJHTFZnnCd5va+zMuq7JScziATcsfy14eDQY1E31oqTlEAPOuvCCKCgv1OUcUmK3L7RR2B9Duk+jd5WYG5wvPYmjz6bkQKek/xva59qPdcpdyuSTVtzXxNtqRw=
5iJYegJIp5WAI1/xwX3dn/ctNglVOD0TPIsWSdypi1QRI7M1QvbE406zandPkbJOUz1znwJdQUnSDyDT8/fID4ItcqkF
CoGbHDjfrEMpL8iaeyi5neX9Hq/Nsaz9g3TBlanJ5g9A5+6b7fwtbj6ojQ1xNQWrCeFqGLfq5g4veCQvZfjcg8IoQ84lEUM6eRzQewsV2IZhieUeJXGBh/zW6oAdCl18XYC0CucPtEpHupY3L1Y7Yw3O8rsz11NRIyT1A9w3Q9pzbfIKS/Cv79d2baNRG0s25WdDi4uhqdg=
8nbBoInq7R7WC4AkFLZvUfctNglVOD0TPI8UR9ypi1QRI7M1QvbE406zandPkbJOUz1znwJdQUnSDyDT8/fID4ItcqkF
5iJYegJIp5WAI1/xwX3dn/ctNglVOD0TPIsWSdypi1QRI7M1QvbE406zandPkbJOUz1znwJdQUnSDyDT8/fID4ItcqkF
CoGbHDjfrEMpL8iaeyi5neX9Hq/Nsaz9g3TBlanJ5g9A5+6b7fwtbj6ojQ1xNQWrCeFqGLfq5g4veCQvZfjcg8IoQ84lEUM6eRzQewsV2IZhieUeJXGBh/zW6oAdCl18XYC0CucPtEpHupY3L1Y7Yw3O8rsz11NRIyT1A9w3Q9pzbfIKS/Cv79d2baNRG0s25WdDi4uhqdg=
p+sUCvjVxWRDMThzbB3+ftt4EyYSimmPaWF2UbbIAi2a/BP6kXw0WFTOgN+I0hM1aj5DD+pD4nVfzwK0+X654wFiDyJfCgnum+XaAq8nbYXw+GerapCX7k49U6CFqZ31u/QRgbtxd1+pKg==
2jdE0npZ9HKQovx1dibQebvacwjs7XpPmwGVKLvTAAuvZyxCSsizkJZqRF1ZUY382hG2nNYxFKZ+knpJcMKIzu+GkWIbaUKOH8v1KZBUv0fa3M8ijvEL7LVFRdnb2Alti31vU6km
2PU8dT70gCQkR7GofkmhgkN6IHCJwjjfyhDZs4U86hWOVCe4qPvZyJOWqKqvV0M9PSIRgNHBFYox3xQqxKR3fC81CU4Fs9cvjfvEOB2LQnOuGOFN3Ha9Yf1+TEGvcbyTjqP964a3DHFcqSs=
YAzmIOUi3TLejujPhRyjE+kdQS9MpS6nE8I5rwVaNadFXK+OmZ4APIqO0W+8jewazKPsaAspt6kpxX6/SjX6qldRLS3zEIcKdn+2I+GYufW02y1qFKaCetpqjyR+IZgxgzm59Up9orTiyM4X4im371WFCIiaHdCcpKw9pkEmOzzg8aKcN0jMthslEdP7hK0NUc2M85q8lDCmg2TIBMNfnN7JOAcFNmksi90K+8FZde0SVSSVcNJKHUVOpZJB7fGGJmENb7rITbtoVLa/Zns+m6gJloyVheFDc40UBTBTVRkvm6JZW+9ajrVyHF4ytdp8RACaVUjw+7TJdEDE06iEWsm/ie8m8J/KfTMA3Qvb2pD/4JEQsKhdUdcbBEpkRkTh88zaNxXItZCrN++IM65VOaR5ekb2+g/lw77zeX7HXjGj0E1CmDnX42jcBSd97Kn3AQ1oKEIiYVyNhpnOzFjL6ZRgM6SeNTNgS3kpICqJf5GTm/eanWFgodNg9+NKmKdWw4NjqaVhDW177AFJW/mHp6nS
KLC1AEDSTPoNTH8Z2b2IDWh/rzKfm+uNBfPD+gbXWf1/aBD+jBHLgpbFm1rDsjuKLVUk8sHYGKI01/ZX7T3OW0+aqmz8fxOFeL/XnlDgUrVTczD0nGMjyFVQ16I1KcWamgJEM65HbMb+IAlqR3iGloIdCvUiZuEmziJR/NN7Z4X9AWmwxnxlG2uuqzPKB+Lvj6cIUcqC+oaPht2enALpIDiFqa6eBt7J9StRwxL8KnUyH0jysoo8DEH4kN3xIxPFdgsTthaT1lYr7+YA+2BOsjB03mjOWEXJ9rNui1IyZFRoT+wfjNxAV+xYs719Kk/GnvAZZCd0vHSjifkRi4aFl/M+jxkI15aKU31X1VyWbJ9QUBV/Zx+ZLBvPPG+E4uvAPR5UAxtkblmLd21jeJnZB0W/HMQeVG8K6T3o24H1eHrcJCSzJ1N79Fr1PoDzU1YpJ2MyQUomYZ7Rs/H12T8vKONRnCT3zT0StrHdw/afsV4i1XQzPJnzIbKSbIsfsSKOQ50Dk7S9UIlCb3BTAxd4T/KNoqnV
RtLbMiK+t4qLJVEf080uRI3I6O7gGZlLNLIAntweY2iz6F+2zQ7iJGw2+CKq1cBdS9AouKqi4sdkPoWV6Xz4omixNUcUtYeXmT8mJe1TzAgXK/dVvMi3i3lZd+kgagCdsj25WlVDNGHZpHy0npyKICvaxkPU56MjrduCz94yEmKKSform5mVf7wGMs8MurSm2Zg5hLeqgKt2cj868HCrT5VNI8bBO1H3+L1yLghWdklAtjwhk8p+U6ypTQSVKvv3ziVZ29kbUi8Qm1iAFrvVxMEsuc/9kMa7WQEyOvH9WL6yoT650i0os2JC/Zf9pSPHsPuIMRnPD4G2d5NdJghF2FgAKrf2CoT6LtvgIieS2X6k+qsKCMyp5V0BLoKjDM1ZhEPTmbam/9rlXlg6wTcH0SA0XKSIt1NWTpld+kmW2x0rVqss+c/kA05I3qhTQ1M0l8eG5VInQwoZLBDLa6VYNgE5JS5FQYG3nOYqMH263cw9MHQ6hz+0eieKVodP5rvTbX4yi1PnU2FDFDWzvIfDahPdMjorwKPZt0etEzGry4aF14O765Gp6A==
bNNS7dpKErVtOjVvjPdI15C8RlGWCor88PZy5jFKhMrjfTeoIwDWMer1u3GmNU9OlMRlsXt1SyBc3B8ve5/Af76iSunr4RhnPjpU1YWN/npxvfCb6FKXB3orCoNcdr241Gj2xZeLDPSgm+e48dhbwnnh4YqeGphz8t/oVproxUpLcGKmxqX2dV7eJRaqKl3cnzODFXmZtXCaZGELT+Zn00aPRh/L3zRR9vq+disOUX5QSs0wPJ31bkKeWlkRYx3jHvRORfanNHJOMng8pfCc/T3rd1Xyk0/2yovSRg8nqmB36OrC9IziaPKggblSO+LrHvpARGxXMF/QRMTHiJB/nXEiq/baSOXkW8x4RMeB9THHzmEHd6ZT2VTPkpp3NZs10B7IbxQoKX9bZ93cv0ewj0iqz9A5BgjDx/zqyW8/IUN0kb03gQdgROLsKzoNNeT7TT0c6li8ePP7S3/kfj1y4H/b8lnjmw5Bdt6l7nU7fZWV9ws450lAZKtVuYLSeRHj+pdVbmZtiLNAITcR1ppgq1P5xh7HBd9T6KVUmWYnvLOPn9y/tvWeqek=
MCtAzgumDRpAWe3nHDdhyJzP1f2lgahv4BcVVDBlxzIG29846LyhKY7QYS74jbGgAZO0Os5vrReT+7D3aWKJ4pULitRiyDd99J/0jRPNLUI2t0Pxx/2x/bTTPRI0fnKymiI//J6ZCLkDsSlNKiUSfCKAvk/C0afnVY0YcLpFoNRkZI3+IZ6rtGB5MiTXkHz+W+3hC9v8vQVRxZyLumRk+ObL1BDke88UXkGov2Vu2eRLlXqj4aFl5RJdNG1QijpVhYYVyiFVYQ6m6Z3XWhD98yicRmdGAy6TqAGG9LVdEYszxaTd0OvFka8TMuE7t+pGdTpsBhJNynRECIqtaKiL/Am88JyzEBTSSTcZV8YoL4I9+/AFK6PKmP/ogWiQcK2Zl1O0koT+1GlzREqPdZAFWGt/n9ATVkUxpHFqvtaif60DdkMhHn/OuSNY3fp44WerKBT1/12Uuf8BBXhQYvqRlM3OKRYs4FthFOijHP5tg6iLMVl4CnFvmZOT52K9ORDpE6hHuyogN95DC/MRRbm9JTsk8ZF7gZevqdo=
6l5ZI7fB4pf/rC/EVKD5MGZpaBfsBcGwn99XDKfmvjc5j35X3DX4vaBKpDFFJeyNQNLeZmLEKoCpe1A45Rsae2SBZLdY62V4mGvIR3g0ym6CMRkDDefUt+Q7MuoTyFr0eH0ZF4J0LgdpAH9E1bLXfY8ycIY2k1yDBu70NGs6hawsHgj5uLUQgusu5PaTrLHv7S2XxZuQtHiPMyH6SaNIk0gnxcM6UfjmsE4lEl8OflajCNKB245swrRhf78zk9AoAH04+3qyAG62hOssUo2TNxntHM/hFmQXPP5huwQQ+XRkenoQbOh8PA8B3Kdsm7BmLvyCy56/fhgqf+ZM0e2//uVOFBSrJBWQtnyJXTtB6RIPP5n6fTl603yiGSm1Rd4CxlcaNCd/VXvT5LFbvv9mtqHo1xomI+mgBPEB4w8zuk3zD09bLoSssOWCQ+kqi+PhclK24NYTVdeRXBCh3JDxR3zhbQeAwfhCK1b7p/PlO2tlgAnV7oQFCVc6vKW/kzRLG9aoMcZzDn35KZhGrtt9JagmKVnxs8a5uqEIO5LDgYPSh7jpkKnn
6l5ZI7fB4pf/rC/EVKD5MGZpaBfsBcGwn99XDKfmvjc5j35X3DX4vaBKpDFFJeyNQNLeZmLEKoCpe1A45Rsae2SBZLdY62V4mGvIR3g0ym6CMRkDDefUt+Q7MuoTyFr0eH0ZF4J0LgdpAH9E1bLXfY8ycIY2k1yDBu70NGs6hawsHgj5uLUQgusu5PaTrLHv7S2XxZuQtHiPMyH6SaNIk0gnxcM6UfjmsE4lEl8OflajCNKB245swrRhf78zk9AoAH04+3qyAG62hOssUo2TNxntHM/hFmQXPP5huwQQ+XRkenoQbOh8PA8B3Kdsm7BmLvyCy56/fhgqf+ZM0e2//uVOFBSrJBWQtnyJXTtB6RIPP5n6fTl603yiGSm1Rd4CxlcaNCd/VXvT5LFbvv9mtqHo1xomI+mgBPEB4w8zuk3zD09bLoSssOWCQ+kqi+PhclK24NYTVdeRXBCh3JDxR3zhbQeAwfhCK1b7p/PlO2tlgAnV7oQFCVc6vKW/kzRLG9aoMcZzDn35KZhGrtt9JagmKVnxs8a5uqEIO5LDgYPSh7jpkKnn
Pxhq7ynWLHCOFjtYJ+51tE7IlHrxPBcCG4kgdn4q7MRXr5pH5i5saNVXst+0ePGfSwXFzwXtQBQFr5j1o+jOjh3Rkf1JFdln1oixmR1utueX8lJCF2XFM+9/VNiQAz7HMdzRwbTvRS7EQgoOep5HQG4lcAXDjVFx2hlqQMK8xvMybd9b1TFgzEr52OiEWPXC0aLTiKDFSpgnLARCu1GZNyvAxTlR+eS3SlgcRAZ3rKwUx7eonn3Qg5VSodirqQIfER0dWZLhTNGgNkJpZbpt9tFpGTJmVeVrqqyFT8ggPlu2P1avqD3+yEVhaTfTedxhIFe9LW8vSt3Li5J6lQYUuuLxssjEtPIRmBTzwOmAiKBDLGzuiYth6zaUVz7dR4g525+ypP/U+VRgTNUld+/MLnRCrNWzeDKzhax9ZItD52zj6j2NJM0SAiYeB5HjSjsd7kO2hePkpUaIXR8XyKiNw62owcMBOQBsksbpKC1yUarcXCPd1NTbIA5R+5RrDSHE+s0XJRMvn95NhWjV85Q/h9ocT+KDt4uttQXFmduYia2Lve+TqeY=
Pxhq7ynWLHCOFjtYJ+51tE7IlHrxPBcCG4kgdn4q7MRXr5pH5i5saNVXst+0ePGfSwXFzwXtQBQFr5j1o+jOjh3Rkf1JFdln1oixmR1utueX8lJCF2XFM+9/VNiQAz7HMdzRwbTvRS7EQgoOep5HQG4lcAXDjVFx2hlqQMK8xvMybd9b1TFgzEr52OiEWPXC0aLTiKDFSpgnLARCu1GZNyvAxTlR+eS3SlgcRAZ3rKwUx7eonn3Qg5VSodirqQIfER0dWZLhTNGgNkJpZbpt9tFpGTJmVeVrqqyFT8ggPlu2P1avqD3+yEVhaTfTedxhIFe9LW8vSt3Li5J6lQYUuuLxssjEtPIRmBTzwOmAiKBDLGzuiYth6zaUVz7dR4g525+ypP/U+VRgTNUld+/MLnRCrNWzeDKzhax9ZItD52zj6j2NJM0SAiYeB5HjSjsd7kO2hePkpUaIXR8XyKiNw62owcMBOQBsksbpKC1yUarcXCPd1NTbIA5R+5RrDSHE+s0XJRMvn95NhWjV85Q/h9ocT+KDt4uttQXFmduYia2Lve+TqeY=
OQpn+dm9t3M2yLUn4dx+mvacgV+7JWz5P2FGgtWWHOOWXrVnbHLBCZsqqHLhqmVqYrJuAGNudUWczxahsVSvjr1rT1MJpZidTDcJpGKGMwL4O/fHoY0H1chOIHGKSalGXUc0bcGwTMi2eOoM0+6WnxyjY+/1j3JztpayDjK9arcTHRXzJJKCM6TeVAqhLOnY/27A566mTwYYVIujrTkz2sk/UfvgqUJSILIWZbiCbP1bjr6f9P29uP2OW5t20clHUZ/So4gP6Hy+3zVouZhpk7VUhveB1UIGGdl4UorVLqXaKSi/elbN69VBQ+tIz9jt0YvPTe4jY+FOrOW04PS6K36OBHa2T1Dej/Y50txOe1ZACOmphdVevkso7bW8N8OFvqL/1v1KaEbp02f92AAMeEDzk5oWza1GITJ7cZOiO7BxS2SP1txuVPsns5jvc1a5GuMDRsH4YPeDgXjaOU01Mk1FgbuE8hpMVV694MUEJOZPe3S2f96mOydCG7/ViqIX22PT7duAhU8U4yPGa2niZmME45Vvk90v2Y/rar2jk6fjlank
bnvPna1YGpzb8DqpuLVzru+5hw4cHhRJVZXB1hmxwQq1fjMz3ROTbI0H0UhJHxAFRX3ESwp/MP0eGyh17FQTLO/FBOVJARsn9QsWJMKgkJhXoQ1nv6t8vLDnFtMhyNnFtOtNOtRWIupa+m+UPnG4wYNJmSWKzcIkYlhuZ6L5V99VtehY2m1wDCQ8XRaB9htM4AGCzHf4LCabtbEjO9TNPVH97KNaTDSgJhOEeESTf2zeuRjXxYYJvAtNqouBiZXdEmXERTCi6o3F3sUigT3R9iaRLT/6eK0r6MQWT6YrXquoOfbcVXVB0/Md9LVwA3XpL+uCiZtfOh414rwucmU6TEQweoUIgFskSeQgdBN4pCrJT6m/ZkB/Wv2joC3Li7qg/9DxQHBY/cFXi+T6JBZkEfO8+ufVeNUAK6dP+HN+tQmkSZqWtoqvdUMuk8m+F35BoyBtEtiJN3PoTKXXvbzJxwE9CHiC0sHMDRZ5fowI6xmUEBN0XoVT8MvpiVBqWZ+hk6sXSt0RwDFT8JdTikiHJsNzQ/nl0e39+3yhuZup55ep4g==
bnvPna1YGpzb8DqpuLVzru+5hw4cHhRJVZXB1hmxwQq1fjMz3ROTbI0H0UhJHxAFRX3ESwp/MP0eGyh17FQTLO/FBOVJARsn9QsWJMKgkJhXoQ1nv6t8vLDnFtMhyNnFtOtNOtRWIupa+m+UPnG4wYNJmSWKzcIkYlhuZ6L5V99VtehY2m1wDCQ8XRaB9htM4AGCzHf4LCabtbEjO9TNPVH97KNaTDSgJhOEeESTf2zeuRjXxYYJvAtNqouBiZXdEmXERTCi6o3F3sUigT3R9iaRLT/6eK0r6MQWT6YrXquoOfbcVXVB0/Md9LVwA3XpL+uCiZtfOh414rwucmU6TEQweoUIgFskSeQgdBN4pCrJT6m/ZkB/Wv2joC3Li7qg/9DxQHBY/cFXi+T6JBZkEfO8+ufVeNUAK6dP+HN+tQmkSZqWtoqvdUMuk8m+F35BoyBtEtiJN3PoTKXXvbzJxwE9CHiC0sHMDRZ5fowI6xmUEBN0XoVT8MvpiVBqWZ+hk6sXSt0RwDFT8JdTikiHJsNzQ/nl0e39+3yhuZup55ep4g==
ZS3Vc6Z3/rsC5zVXNwZzcJC8RlGWCor88PZy5jFKhMrjfTeoIwDWMer1u3GmNU9OlMRlsXt1SyBc3B8ve5/Af76iSunr4RhnNzZeyJqV83hxvfCb6FKXB3orCoNcdr241Gj2xZeLDPSgm+e48dhbwnnh4YqeGphz8t/oVproxUpLcGKmxqX2dV7eJRaqKl3cnzODFXmZtXCaZGELT+Zn00aPRh/L3zRR9vq+disOUX5QSs0wPJ31bkKeWlkRYx3jHvRORfanNHJOMng8pfCc/T3rd1Xyk0/2yovSRg8nqmB36OrC9IziaPKggblSO+LrHvpARGxXMF/QRMTHiJB/nXEiq/baSOXkW8x4RMeB9THHzmEHd6ZT2VTPkpp3NZs10B7IbxQoKX9bZ93cv0ewj0iqz9A5BgjDx/zqyW8/IUN0kb03gQdgROLsKzoNNeT7TT0c6li8ePP7S3/kfj1y4H/b8lnjmw5Bdt6l7nU7fZWV9ws450lAZKtVuYLSeRHj+pdVbmZtiLNAITcR1ppgq1P5xh7HBd9T6KVUmWYnvLOPn9y/tvWeqek=
bNNS7dpKErVtOjVvjPdI15C8RlGWCor88PZy5jFKhMrjfTeoIwDWMer1u3GmNU9OlMRlsXt1SyBc3B8ve5/Af76iSunr4RhnPjpU1YWN/npxvfCb6FKXB3orCoNcdr241Gj2xZeLDPSgm+e48dhbwnnh4YqeGphz8t/oVproxUpLcGKmxqX2dV7eJRaqKl3cnzODFXmZtXCaZGELT+Zn00aPRh/L3zRR9vq+disOUX5QSs0wPJ31bkKeWlkRYx3jHvRORfanNHJOMng8pfCc/T3rd1Xyk0/2yovSRg8nqmB36OrC9IziaPKggblSO+LrHvpARGxXMF/QRMTHiJB/nXEiq/baSOXkW8x4RMeB9THHzmEHd6ZT2VTPkpp3NZs10B7IbxQoKX9bZ93cv0ewj0iqz9A5BgjDx/zqyW8/IUN0kb03gQdgROLsKzoNNeT7TT0c6li8ePP7S3/kfj1y4H/b8lnjmw5Bdt6l7nU7fZWV9ws450lAZKtVuYLSeRHj+pdVbmZtiLNAITcR1ppgq1P5xh7HBd9T6KVUmWYnvLOPn9y/tvWeqek=
VcLC1wbH+VtHBYqR2fmA3P5967+zPm86ND4AaOlrxMvDrqJ5jK6lafMno/uoXuMVXkukr+9InKhAp8i9Z67CDt4MWgF26EMaPcumnpVtPDdHn0RYmJxRJq0ZM9y6dBb3QWCnlJ3yH833kpgWrhPEE64OTESj+s389D5gyUC1aLIDDrwmW+z5H1VNP1UDECzo55PZSgFjgMMQx+2zAlHAlpiufUKXzjbmW6i6EUMO9FIcAcdPe9MY+Fhd0MsCsvhe3qQzfBpNW0ehDbRfeZb8h9ReGQvMULGkvBpS4FToRMwnYQR3JNt41lZcalsGP+aIgp9ePBkt9649bnwkUyRtoF5c0Y3zAaHit18xauW54kMUAuGZ/YUWUp63MkQff20L+wTpC3Y/LgZZSL+KvqNxMKyRuRNHc3Kdqy+na1aEVICNopu5YksrkcqyHnBOk81HefxoERTQuZekgUX3uMHAsgM2I3e7pfPbHSDhRXYEnZn/2gTVd1N8G8P2wAE+c3ZNEQnAlmabNdUQRoHJaTNeKdIB8IvaA0nTimeQmaip3w==
ZS3Vc6Z3/rsC5zVXNwZzcJC8RlGWCor88PZy5jFKhMrjfTeoIwDWMer1u3GmNU9OlMRlsXt1SyBc3B8ve5/Af76iSunr4RhnNzZeyJqV83hxvfCb6FKXB3orCoNcdr241Gj2xZeLDPSgm+e48dhbwnnh4YqeGphz8t/oVproxUpLcGKmxqX2dV7eJRaqKl3cnzODFXmZtXCaZGELT+Zn00aPRh/L3zRR9vq+disOUX5QSs0wPJ31bkKeWlkRYx3jHvRORfanNHJOMng8pfCc/T3rd1Xyk0/2yovSRg8nqmB36OrC9IziaPKggblSO+LrHvpARGxXMF/QRMTHiJB/nXEiq/baSOXkW8x4RMeB9THHzmEHd6ZT2VTPkpp3NZs10B7IbxQoKX9bZ93cv0ewj0iqz9A5BgjDx/zqyW8/IUN0kb03gQdgROLsKzoNNeT7TT0c6li8ePP7S3/kfj1y4H/b8lnjmw5Bdt6l7nU7fZWV9ws450lAZKtVuYLSeRHj+pdVbmZtiLNAITcR1ppgq1P5xh7HBd9T6KVUmWYnvLOPn9y/tvWeqek=
bNNS7dpKErVtOjVvjPdI15C8RlGWCor88PZy5jFKhMrjfTeoIwDWMer1u3GmNU9OlMRlsXt1SyBc3B8ve5/Af76iSunr4RhnPjpU1YWN/npxvfCb6FKXB3orCoNcdr241Gj2xZeLDPSgm+e48dhbwnnh4YqeGphz8t/oVproxUpLcGKmxqX2dV7eJRaqKl3cnzODFXmZtXCaZGELT+Zn00aPRh/L3zRR9vq+disOUX5QSs0wPJ31bkKeWlkRYx3jHvRORfanNHJOMng8pfCc/T3rd1Xyk0/2yovSRg8nqmB36OrC9IziaPKggblSO+LrHvpARGxXMF/QRMTHiJB/nXEiq/baSOXkW8x4RMeB9THHzmEHd6ZT2VTPkpp3NZs10B7IbxQoKX9bZ93cv0ewj0iqz9A5BgjDx/zqyW8/IUN0kb03gQdgROLsKzoNNeT7TT0c6li8ePP7S3/kfj1y4H/b8lnjmw5Bdt6l7nU7fZWV9ws450lAZKtVuYLSeRHj+pdVbmZtiLNAITcR1ppgq1P5xh7HBd9T6KVUmWYnvLOPn9y/tvWeqek=
EJqNciacZi/Wvvr2ZP5ARHwzHmTrjZrtbvm9rKFfENFkTI1+/r2mFssGWy36YizvjxlL68+gq5MyIHKwQ1v0zF4j3K+0rtkiNvZo/1QVMMlTqPBuxgM1WIgJkEiWBgr3kJUxhLzW85lL70cmQZcpRvY+QiThOEcZVla4+tNHgV1OMXj5kC3CdA3MnyszzYGVmbMr58lEkg9FG0SwW6MrZ4nDOknnsa0SCXZMHRrXi2rQ5qyqifDomkHGpl3FRaYlaCK158+l44IMmlVbS1ynEnAXQbQK/uyT2U2DkWCAX/7wjuQl4bnWmawO8x4vnZvaGHq1HJi8bMUKJgRo4V8SBk7QaWTXVOw0c2lpkTtmNdfD3p8ZGPdmyiPdp1XMNrxfADAlf1d/yezLb6zvdEKbgM0+RAMLhF4ZO5fd4+h5CUcVn+zEbnS/yrldeFsxlci67EQ0szdzCzSqVU4AY/MGafeDAkF6xrHegRNhdamf3+iTcYwk560N0gbRbUNm/+Ge8vUEM8y5o2FicvwLr1GSznN9E5mgnaPJMs2A05K3qI+i7Zmz/A==
EJqNciacZi/Wvvr2ZP5ARHwzHmTrjZrtbvm9rKFfENFkTI1+/r2mFssGWy36YizvjxlL68+gq5MyIHKwQ1v0zF4j3K+0rtkiNvZo/1QVMMlTqPBuxgM1WIgJkEiWBgr3kJUxhLzW85lL70cmQZcpRvY+QiThOEcZVla4+tNHgV1OMXj5kC3CdA3MnyszzYGVmbMr58lEkg9FG0SwW6MrZ4nDOknnsa0SCXZMHRrXi2rQ5qyqifDomkHGpl3FRaYlaCK158+l44IMmlVbS1ynEnAXQbQK/uyT2U2DkWCAX/7wjuQl4bnWmawO8x4vnZvaGHq1HJi8bMUKJgRo4V8SBk7QaWTXVOw0c2lpkTtmNdfD3p8ZGPdmyiPdp1XMNrxfADAlf1d/yezLb6zvdEKbgM0+RAMLhF4ZO5fd4+h5CUcVn+zEbnS/yrldeFsxlci67EQ0szdzCzSqVU4AY/MGafeDAkF6xrHegRNhdamf3+iTcYwk560N0gbRbUNm/+Ge8vUEM8y5o2FicvwLr1GSznN9E5mgnaPJMs2A05K3qI+i7Zmz/A==
BlyMXmAi+Q+H2dV30vuEN07IlHrxPBcCG4kgdn4q7MRXr5pH5i5saNVXst+0ePGfSwXFzwXtQBQFr5j1o+jOjh3Rkf1JFdln1oixmR1utueX5kRGIhXVeOR/Q8mAXXjPM8/X8MT/EC7VDBUOfppZXHI5bBPU0k5qxQF8QdK4maQ5cdNZ2XMLv1jq1rbTCKOUgfaB2vfaUp9zchFduFCdLmOWwTtJ5LewHg5MRQUB2b4e3/S9mnrGhYZWrJ+17ltDARcAVIfsQ97uK0A8Y7By8sZfZXBkWaghr66HWtkrfhq6L0yl5SL/i1VrdDrGdNNubleoZGwrSsGZ3Yx9wAoBt+LxssjEtPIRmBTzwOmAiKBDLGzuiYth6zaUVz7dR4g525+ypP/U+VRgTNUld+/MLnRCrNWzeDKzhax9ZItD52zj6j2NJM0SAiYeB5HjSjsd7kO2hePkpUaIXR8XyKiNw62owcMBOQBsksbpKC1yUarcXCPd1NTbIA5R+5RrDSHE+s0XJRMvn95NhWjV85Q/h9ocT+KJs4uutQXHmduZia2Lve+Ys/8=
BlyMXmAi+Q+H2dV30vuEN07IlHrxPBcCG4kgdn4q7MRXr5pH5i5saNVXst+0ePGfSwXFzwXtQBQFr5j1o+jOjh3Rkf1JFdln1oixmR1utueX5kRGIhXVeOR/Q8mAXXjPM8/X8MT/EC7VDBUOfppZXHI5bBPU0k5qxQF8QdK4maQ5cdNZ2XMLv1jq1rbTCKOUgfaB2vfaUp9zchFduFCdLmOWwTtJ5LewHg5MRQUB2b4e3/S9mnrGhYZWrJ+17ltDARcAVIfsQ97uK0A8Y7By8sZfZXBkWaghr66HWtkrfhq6L0yl5SL/i1VrdDrGdNNubleoZGwrSsGZ3Yx9wAoBt+LxssjEtPIRmBTzwOmAiKBDLGzuiYth6zaUVz7dR4g525+ypP/U+VRgTNUld+/MLnRCrNWzeDKzhax9ZItD52zj6j2NJM0SAiYeB5HjSjsd7kO2hePkpUaIXR8XyKiNw62owcMBOQBsksbpKC1yUarcXCPd1NTbIA5R+5RrDSHE+s0XJRMvn95NhWjV85Q/h9ocT+KJs4uutQXHmduZia2Lve+Ys/8=
BlyMXmAi+Q+H2dV30vuEN07IlHrxPBcCG4kgdn4q7MRXr5pH5i5saNVXst+0ePGfSwXFzwXtQBQFr5j1o+jOjh3Rkf1JFdln1oixmR1utueX5kRGIhXVeOR/Q8mAXXjPM8/X8MT/EC7VDBUOfppZXHI5bBPU0k5qxQF8QdK4maQ5cdNZ2XMLv1jq1rbTCKOUgfaB2vfaUp9zchFduFCdLmOWwTtJ5LewHg5MRQUB2b4e3/S9mnrGhYZWrJ+17ltDARcAVIfsQ97uK0A8Y7By8sZfZXBkWaghr66HWtkrfhq6L0yl5SL/i1VrdDrGdNNubleoZGwrSsGZ3Yx9wAoBt+LxssjEtPIRmBTzwOmAiKBDLGzuiYth6zaUVz7dR4g525+ypP/U+VRgTNUld+/MLnRCrNWzeDKzhax9ZItD52zj6j2NJM0SAiYeB5HjSjsd7kO2hePkpUaIXR8XyKiNw62owcMBOQBsksbpKC1yUarcXCPd1NTbIA5R+5RrDSHE+s0XJRMvn95NhWjV85Q/h9ocT+KJs4uutQXHmduZia2Lve+Ys/8=
vfJuAq9xkY/p/ACx4bE/we30EN7vEL8e7QSGYeHZy+Pvww8mu48p5hbFKiCoy/ddiU+DkjbezIhcoW7AiTnHrfd21rF7IHfv/q4Lo92ejWh4TlS1lk+VilFtowKt2AuW0pa44IOF9vC129IjHuRUHpGaF32d6DXxYYKQLDbKhduopNUPHQQZrwFV2MAiCrEkTb7JJmxwO7EUuEOMPl3jWAuBeQjK4c9Jk0NH8n1JMFmTWCeL6rDXjk7ek4AFiV9Vu5XRYTsRN/Szkw==
U29Rozxs71Smmo+wloIj/oPwVTDmIvfmCaMfKWpxSmWWVP8ZmiUM4eHsVktm0KRaxAxsEBnbWUK/KmjHR/x0es6V+2yqu3Mec+3+qAeZxZD5ekh4SN9+UbGoMYvP2JX23+QCwIQqy3uyMnWdHlnGquDM4WxL1zW20ZPBJDy2TiQRaTgyKYWVup0tgdNUerqERbb9CFXMBO6fE/Ter9aG87eqW1fFQgKfCwvThQsIJYcEC2Mu+6HCbrNsbvi/mv3nS2erg61rMy8z9rOV
ekhP/8ihSlSnfqEKTfo9Ay10e7mzaUMDdkNsBWSQGZ1Hvoglm8eboz7UldEu09Un8R3WrUUVMMpvUi8Xm30vYAFYLP+n9W5+LY0mUQEHEeDF6jgCuOcb4d41l1G3kT96DdYd5yJUUVW4NEayW/7H6XFJ0Cm/54Cx0SaZagX/EuAfG1LZQ9vuQZaeBW7V+x2V9TdruEcJYGRLFVkCcjkx49pXNe4GraizYGHXkTbaQKtzOWaep8W/Xs1l9RmGZVyzbt98PxY19bOQ
TWUV0dDFtyUZtXz9xcdRqS10e7mzaUMDdkNsBWSQGZ1Hvoglm8ebrj7Uldwu09Un8R3WrUUVMMpvUgMAm3QzbhZYLP+n9W5+LY0mUQEHEeDF6jgCuOcb4d41l1G3kT96DdYd5yJUUVW4NEayW/7H6XFJ0Cm/54Cx0SaZagX/EuAfG1LZQ9vuQZaeBW7V+x2V9TdruEcJYGRLFVkCcjkx49pXNe4GraizYGHXkTbaQKtzOWaep8W/Xs1l9RmGZVyzbt98PxY19bOQ
4vIWfi3lwA2SbpNW3K9GLjs3l7KLR7nl87zGbJYnrTaiCHVG+6Rem1Wu/NCvFiB4oPTWAEqm+CsGslv7SOqBYxd78Sw2953xbH4viRxZG3Pj8PfeIurCAznB/FFtOW2lDap/IkcvGBCTFXpw/HoBCrU5w/0KQUWDIhFzwuOCn0ugcO1vyFH5X2zBFBq/5k+P7wVHg/FQPe3CxOlxo2qojYMzqKNvJrzpavOiJe1ZbC4ye0ENvPZdoZ1+74GP8ZxRbqOcq2Y3LDH3s5I=
VnWG6GigARuSbwQp4CiSFS10e7mzaUMDdkNsBWSQGZ1Hvoglm8ebrj7Uldwu09Un8R3WrUUVMMpvUi8Xm2MyYQtYLP+n9W5+LY0mUQEHEeDF6jgCuOcb4d41l1G3kT96DdYd5yJUUVW4NEayW/7H6XFJ0Cm/54Cx0SaZagX/EuAfG1LZQ9vuQZaeBW7V+x2V9TdruEcJYGRLFVkCcjkx49pXNe4GraizYGHXkTbaQKtzOWaep8W/Xs1l9RmGZVyzbt98PxY19bOQ
kS8X7fcLcuJfp9NAUSwOyTs3l7KLR7nl87zGbJYnrTaiCHVG+6RellWu/N2vFiB4oPTWAEqm+CsGskr9Sv+Fdxd78Sw2953xbH4viRxZG3Pj8PfeIurCAznB/FFtOW2lDap/IkcvGBCTFXpw/HoBCrU5w/0KQUWDIhFzwuOCn0ugcO1vyFH5X2zBFBq/5k+P7wVHg/FQPe3CxOlxo2qojYMzqKNvJrzpavOiJe1ZbC4ye0ENvPZdoZ1+74GP8ZxRbqOcq2Y3LDH3s5I=
fh2F2xg7//jz4ZcnGa7PvqwaHeyzmF+5MIwJ6TSvVjQb/OoMCjjax+4uYJNvPN6e4k0ol7fkq5ud5qUx7KWSmcKnQypr4f6sD6XVhIGWaFxgg44laeRxT4ckxSJnSOKkbLZ7zyq+9RmW5VY+GKBByOMLRUKJXwFg9MqecClFWNZBmaWOhSGB11xGqpA9Wt0sfZD0mkdftBrnKtYnDwa7My3esiuTh1MBg7S1E/xnw4pTfbKa66CuvHfmLbNzS8tnxXcDGyv6s5E=
ls0Zb+QH6TJLbtKD7KEehKwaHeyzmF+5MIwJ6TSvVjQb/OoMCjjax+4uYJNvPN6e4k0ol7fkq5ud5qwi5riSm8KnQypr4f6sD6XVhIGWaFxgg44laeRxT4ckxSJnSOKkbLZ7zyq+9RmW5VY+GKBByOMLRUKJXwFg9MqecClFWNZBmaWOhSGB11xGqpA9Wt0sfZD0mkdftBrnKtYnDwa7My3esiuTh1MBg7S1E/xnw4pTfbKa66CuvHfmLbNzS8tnxXcDGyv6s5E=
vziGRrMuFKbkd4CmQ/bQ/LQQFzSvtOLUXVP3jr/B3Y0r+moOJiIxg1hjrWqWA/bBa2ON03qhat+1aJBRAzkh/VZsNo3VWb5FaxR/6/6qA5fNauVMWGq8wUZ73U4Rqeu2fazjMnIy0BQTMX50NV9al44QPLoxPv8JTVx9NSFG2Bjmvm3/iIC9+w0wEasBUdD0Mv7ZAG2aIVK8RHN1VHwLOO4pC/yrJRH8WlVHzRPHz0btvVj9M/zP/zoEn0oOGtu01f23cZuxuZUrJT/ws5c=
kTafyeqnJWJWdHu8QH4w6rvacwjs7XpPmwGVKLvTAAuvZyxCSsizkJZqRF1ZUY382hG2nNYxFKZ+knpJcMKIzu+GkWIbaUKOH8v1KZBUv0fa3M8ijfML67dFR9nb2Qlti31vWLM/
5HYSVN6fd9060SVChqfW91qx8W/RY9QJ02ehKG/RpHQn50BDFX6v/cpruAGeNH+nWnwPQoIXS003JQc52/nJzQudL3izHw==
XZ1VTO5Mr5BibrFU0PuoiFX41l5qXMap+XBEHsgQXbSQsfwww2OpPE8F7LB3Q+jXleoHWZqv8NW+IHejSlgnlsPG4+anoY+tey2BCVu5B2yzCw==
S7RWfpYQl2CDRVMKqLfTIFeJXxJlic1uMpfv8+PDC9qSvMj/RWJ1KeX+pLzPOvME/0GczTTXBufH92x2Jxv+LoT1+wUmvnquflaZ/QSWFRF1+cXxydNkYTbjpDt+l2RhX7M6
c5QdVA348fnYepeYgq2GKAmiJ3Xh0LsbYj2o5upBTU/zwjqav4pTs18HAI7hHC8u+8uShnB1j63K7iZ2qjatBTjmOfkhvxFZpWOY2UJDcGMiR0gJa7MO
zy/e+x+p+gW1OUgxMHyBwOcTVhGYQ3wOft6VSG/Eqoo6yzk8QS/JWPzt3E9Yp1GgV4VWWQvwNG/28ZhVxP84H95DWjItshrRFyHdWFhUGdv/phfK5mWOHq8gwRUi+K5Txo5cN0BaaQ+p8SLUM/DH/YWU/Qzpp4Iq4z9B82SP2Su+W5HFxzdA6ViylNIwB37uWnjol2jN0DSauledyp5aI54/8+DD466cD/f2b2nP+gKVTHjOgS3lVa+gdyNK2CcWyUPjaaAhjy17rYGJWzkH7LOL
Afyyu9/Jdf5SSpx69aBEMMfXeQQlnlnVSt2I1GohwHvxW44sW3RTaVRnz4W0SLe4atnC3gM9KOPdsKmQPXsBEzqfgBSkLTsfgal+YFE8+PkNC1ziX6FarO5kOeplP3Lgf9vyWeObDkF23qXudTt9lZX3CzjnSUBkq1W5gtJ5EeP6l1VuZm2Is0AhNxHWmmCrU/nGHscF31nopVScZiW8s46f3L+29ZWz8A==
IZSm9XrupQfHQTVjWgv63VkheBAOI9uCr5ZpOjN099GUrPZcKRmgIvLQ6dHtsBElNhwQF3tloqrrWzMIymZUfLXaa/dN9zh9Sxg/5INhFGAi8/EQCVv+VpdJ3Nt+Vs6EUUk4EuklFdpdTYGzlBo6JIWW/SgVbIQO3/P0Pu82BlP3ilt3BeKC/8tr0+XLaKUnxCtjDrsBQo7zjGkd/3t4RwtHq6Nty7NP85az9Q==
n4x1LODovvbGJplzRurLoo1XOipghlF5tpYSPOW19FmtS7Z2AV6nt6g0rXhVaVJrOZ2SpOGIvJUEBnWRjoN7HN8Iu/eXo6xzJkxSYX3fx+WIOHfQ7skbB1r6KY18zMhITzKjc6RQKTdUwRUXiMHwUlN209crJUO7zeCRZWYEjXnPmtR1B9Pse3M2kCHOcwZtwUlwdvYbxXVAhrGpeTlOCSJEoGlqg9hz+qdA+ZOz9g==
yVrw7+ANYOnNH9mMjnA6d7aO2RMt2ShHZpTGdR8Fwxrfy+i6xi49J7go/tbp0+m+GR8qagAFD3uawAd9E+ruSLwmiQwbxZmJ4LcH3n+mRy9cmn5FIUK9hYb8Oy88eRq4Zh6t34jgfZuNUNHLATEQlLKeGWBtuuHyPOSzVVRcS5huiUvcq8VRHNq1By0TJ4+mbV0YHTPcj1+6pN9qCT8bFVBdd1Gb0Xn1q0X/kLP3
ckleJ6efW90Zbn7DA6GzqI1ZLTdj0kZY4psBNOGx9VOtS7Z2AV6nt6g0rXhVaVJrOZ2SpOGIvJUEBnWRjoN7HN8Iu/eXo6xzJkxSYX3fx+WIOHfQ7skbB1r6KY18zMhITzKjc6RQKTdUwRUXiMHwUlN209crJUO7zeCRZWYEjXnPmtR1B9Pse3M2kCHOcwZtwUlwdvYbxXVAhrGpeThOCSJEoGlqg9hz+qdA+ZOz9g==
SYKn1eEOoGQNVgCB7f3Ti1kvbw0Nd9Kt5pBlJy9099GUrPZcKRmgIvLQ6dHtsBElNhwQF3tloqrrWzMIymZUfLXaa/dN9zh9Sxg/5INhFGAi8/EQCVv+VpdJ3Nt+Vs6EUUk4EuklFdpdTYGzlBo6JIWW/SgVbIQO3/P0Pu82BlP3ilt3BeKC/8tr0+XLaKUnxCtjDrsBQo7zjGgd/3t4RwtHq6Nty7NP85az9Q==
rSLpO6sgE8q3qXXU1YC0J1kvbw0Nd9mi5o9vJip099GUrPZcKRmgIvLQ6dHtsBElNhwQF3tloqrrWzMIymZUfLXaa/dN9zh9Sxg/5INhFGAi8/EQCVv+VpdJ3Nt+Vs6EUUk4EuklFdpdTYGzlBo6JIWW/SgVbIQO3/P0Pu82BlP3ilt3BeKC/8tr0+XLaKUnxCtjDrsBQo7zjGgd/3t4RwtHq6Nty7NP85az9Q==
ImiqnHWNsqGSPUJ8Gmne3BBsxVS+wAuOgUYCYqZJPnTIIMc9/IjWIDEtsC761OnN1aRhCR548CsjkfLmIx/z1LKy5BBdfssL1UOo8cOcv3g79eTMiheRrNEvLprfjZyHhgL+aDltGG7xEQXWVUmBr6wOSgit8h0UTZjUQhe3NOKX4rY/Hy77i51WEnND71N5c/xVi2zPA7JjdZJCu0goQQcvSKtjY4vfdf+jQ/uSs+k=
YTgQ6NaEIJTDPm+MMr/xH7aWzhAvySJEZpLTax4I0Rrfy+i6xi49J7go/tbp0+m+GR8qagAFD3uawAd9E+ruSLwmiQwbxZmJ4LcH3n+mRy9cmn5FIUK9hYb8Oy88eRq4Zh6t34jgfZuNUNHLATEQlLKeGWBtuuHyPOSzVVRcS5huiUvcq8VRHNq1By0TJ4+mbV0YHTPcj1+6pN9qCD8bFVBdd1Gb0Xn1q0X/kLP3
R/8Ftx2x5LbZ+d9pPTCiOaLloREjya/iYkgnhaxAlnjBBZDW6tzp1eVMATHOMDDzUzlSnrOXc0wC2gSoDbaLUyVriAnTlL9gCx2E9FpfUXShh47iTwUcHzZqHtBppVg2ATklLkVBgbec5iowfbrdzD0wdDqHP7R6J4pWh0/mu9NtfjKLU+dTYUMUNbO8h8NqE90yOivAqNm3R6gTM6vLh4XXg7vrmrPx
8dwL1GOtakIowjjUNX0T/Cx1gMp1ipK7PxEUkpGCxncSbilGwKOiPKd8V2lQbzOVmLCTmI6B7i5fdeyjmXj1INEjpfNeJ2yEGKW/nwUhwvA9hByZqdMwUoPpnmyqrOWaSecWwFuj3kmfkwpBctbZ/llDWbXxLydIO4EEpG8dZTK+obWDHi85/trlDDPEqYuBOiIES/ehKq6bzZseLO0IbEp9WJOqZ/CvSv2Rs/Q=
OgeX0i0f0wcM/DVmBaiKTh+zeuFcYXO7qSFU1IL+N7/9P08j3jWEAqvpTj6fdbfewBWMfO41BPPW79QfjiV9sxg=
SBBudfawiLg2Pty2sZCfl87RUkHLkaU+ij8oliEVVX1vSIfbqgD3Pk5rszHAWf9FO4Uxsfvh1wSzYw==
z0QMPwrJqT7Dmr/FrUeUhY9d8kREad3BNHTEIZs7jcWYZlk5Qb42mQrkeJmiQ5AjgsfoyQuzbg==
